X,CH1,CH2,CH3,CH4,Start,Increment,
Sequence,Volt,Volt,Volt,Volt,-2.598000e-06,4.000000e-09
0,-6.28e+00,-3.60e-02,-5.60e-02,-1.56e-01,
1,-6.28e+00,-3.60e-02,-4.80e-02,-1.40e-01,
2,-6.28e+00,-3.60e-02,-4.80e-02,-1.40e-01,
3,-6.28e+00,-3.60e-02,-4.80e-02,-1.32e-01,
4,-6.28e+00,-3.60e-02,-3.20e-02,-1.32e-01,
5,-6.28e+00,-3.60e-02,-3.20e-02,-1.32e-01,
6,-6.28e+00,-2.00e-02,-3.20e-02,-1.16e-01,
7,-6.28e+00,-2.00e-02,-3.20e-02,-1.16e-01,
8,-6.28e+00,-2.00e-02,-2.40e-02,-1.08e-01,
9,-6.28e+00,-2.00e-02,-2.40e-02,-1.08e-01,
10,-6.28e+00,-2.00e-02,-2.40e-02,-1.08e-01,
11,-6.28e+00,-2.00e-02,-2.40e-02,-9.20e-02,
12,-6.28e+00,-2.00e-02,-2.40e-02,-9.20e-02,
13,-6.28e+00,-2.00e-02,-8.00e-03,-8.40e-02,
14,-6.28e+00,-2.00e-02,-8.00e-03,-8.40e-02,
15,-6.28e+00,-1.20e-02,-8.00e-03,-6.80e-02,
16,-6.28e+00,-2.00e-02,-8.00e-03,-6.80e-02,
17,-6.28e+00,-1.20e-02,-0.00e+00,-6.80e-02,
18,-6.28e+00,-1.20e-02,-0.00e+00,-6.00e-02,
19,-6.28e+00,-1.20e-02,-0.00e+00,-6.00e-02,
20,-6.28e+00,-1.20e-02,-0.00e+00,-4.40e-02,
21,-6.28e+00,-1.20e-02,1.60e-02,-4.40e-02,
22,-6.28e+00,-1.20e-02,1.60e-02,-4.40e-02,
23,-6.28e+00,-1.20e-02,1.60e-02,-3.60e-02,
24,-6.28e+00,-1.20e-02,1.60e-02,-3.60e-02,
25,-6.28e+00,-1.20e-02,1.60e-02,-2.00e-02,
26,-6.28e+00,-1.20e-02,2.40e-02,-2.00e-02,
27,-6.28e+00,4.00e-03,2.40e-02,-1.20e-02,
28,-6.28e+00,4.00e-03,2.40e-02,-1.20e-02,
29,-6.28e+00,4.00e-03,2.40e-02,-1.20e-02,
30,-6.28e+00,4.00e-03,4.00e-02,4.00e-03,
31,-6.27e+00,4.00e-03,4.00e-02,4.00e-03,
32,-6.28e+00,4.00e-03,4.00e-02,1.20e-02,
33,-6.28e+00,4.00e-03,4.80e-02,1.20e-02,
34,-6.28e+00,4.00e-03,4.80e-02,2.80e-02,
35,-6.27e+00,4.00e-03,4.80e-02,2.80e-02,
36,-6.28e+00,4.00e-03,4.80e-02,2.80e-02,
37,-6.27e+00,1.20e-02,4.80e-02,3.60e-02,
38,-6.27e+00,1.20e-02,6.40e-02,3.60e-02,
39,-6.27e+00,1.20e-02,6.40e-02,5.20e-02,
40,-6.27e+00,1.20e-02,6.40e-02,5.20e-02,
41,-6.27e+00,1.20e-02,6.40e-02,6.80e-02,
42,-6.27e+00,1.20e-02,6.40e-02,6.80e-02,
43,-6.27e+00,1.20e-02,7.20e-02,6.80e-02,
44,-6.27e+00,1.20e-02,7.20e-02,7.60e-02,
45,-6.27e+00,2.80e-02,7.20e-02,7.60e-02,
46,-6.27e+00,2.80e-02,7.20e-02,7.60e-02,
47,-6.27e+00,2.80e-02,7.20e-02,9.20e-02,
48,-6.27e+00,2.80e-02,8.80e-02,9.20e-02,
49,-6.27e+00,2.80e-02,8.80e-02,1.00e-01,
50,-6.26e+00,2.80e-02,8.80e-02,1.00e-01,
51,-6.26e+00,2.80e-02,9.60e-02,1.16e-01,
52,-6.27e+00,2.80e-02,9.60e-02,1.16e-01,
53,-6.26e+00,3.60e-02,9.60e-02,1.24e-01,
54,-6.26e+00,2.80e-02,9.60e-02,1.24e-01,
55,-6.26e+00,3.60e-02,1.12e-01,1.24e-01,
56,-6.26e+00,3.60e-02,1.12e-01,1.40e-01,
57,-6.26e+00,3.60e-02,1.12e-01,1.40e-01,
58,-6.26e+00,3.60e-02,1.12e-01,1.40e-01,
59,-6.26e+00,3.60e-02,1.12e-01,1.48e-01,
60,-6.26e+00,3.60e-02,1.20e-01,1.48e-01,
61,-6.26e+00,3.60e-02,1.20e-01,1.64e-01,
62,-6.26e+00,3.60e-02,1.20e-01,1.64e-01,
63,-6.25e+00,3.60e-02,1.20e-01,1.72e-01,
64,-6.26e+00,3.60e-02,1.36e-01,1.72e-01,
65,-6.25e+00,5.20e-02,1.20e-01,1.72e-01,
66,-6.25e+00,3.60e-02,1.36e-01,1.88e-01,
67,-6.25e+00,5.20e-02,1.36e-01,1.88e-01,
68,-6.25e+00,5.20e-02,1.36e-01,1.88e-01,
69,-6.25e+00,5.20e-02,1.44e-01,1.96e-01,
70,-6.25e+00,5.20e-02,1.44e-01,1.96e-01,
71,-6.25e+00,5.20e-02,1.44e-01,2.12e-01,
72,-6.23e+00,5.20e-02,1.44e-01,2.12e-01,
73,-6.23e+00,5.20e-02,1.44e-01,2.12e-01,
74,-6.23e+00,5.20e-02,1.60e-01,2.20e-01,
75,-6.23e+00,6.00e-02,1.60e-01,2.20e-01,
76,-6.23e+00,6.00e-02,1.60e-01,2.36e-01,
77,-6.23e+00,6.00e-02,1.60e-01,2.36e-01,
78,-6.23e+00,6.00e-02,1.60e-01,2.36e-01,
79,-6.22e+00,6.00e-02,1.60e-01,2.44e-01,
80,-6.23e+00,6.00e-02,1.68e-01,2.44e-01,
81,-6.22e+00,6.00e-02,1.68e-01,2.44e-01,
82,-6.22e+00,6.00e-02,1.68e-01,2.60e-01,
83,-6.22e+00,6.00e-02,1.68e-01,2.60e-01,
84,-6.22e+00,6.00e-02,1.68e-01,2.60e-01,
85,-6.22e+00,6.00e-02,1.84e-01,2.68e-01,
86,-6.22e+00,7.60e-02,1.84e-01,2.68e-01,
87,-6.22e+00,7.60e-02,1.84e-01,2.84e-01,
88,-6.22e+00,7.60e-02,1.84e-01,2.84e-01,
89,-6.21e+00,7.60e-02,1.84e-01,2.84e-01,
90,-6.21e+00,7.60e-02,1.84e-01,2.92e-01,
91,-6.21e+00,7.60e-02,2.00e-01,2.92e-01,
92,-6.21e+00,7.60e-02,2.00e-01,2.92e-01,
93,-6.21e+00,7.60e-02,2.00e-01,3.08e-01,
94,-6.21e+00,7.60e-02,2.00e-01,3.08e-01,
95,-6.20e+00,7.60e-02,2.00e-01,3.08e-01,
96,-6.21e+00,7.60e-02,2.00e-01,3.16e-01,
97,-6.20e+00,7.60e-02,2.08e-01,3.16e-01,
98,-6.20e+00,8.40e-02,2.08e-01,3.16e-01,
99,-6.20e+00,8.40e-02,2.08e-01,3.32e-01,
100,-6.20e+00,8.40e-02,2.08e-01,3.32e-01,
101,-6.20e+00,8.40e-02,2.08e-01,3.32e-01,
102,-6.20e+00,8.40e-02,2.24e-01,3.48e-01,
103,-6.20e+00,8.40e-02,2.24e-01,3.48e-01,
104,-6.18e+00,8.40e-02,2.24e-01,3.48e-01,
105,-6.18e+00,8.40e-02,2.24e-01,3.56e-01,
106,-6.18e+00,8.40e-02,2.24e-01,3.56e-01,
107,-6.18e+00,8.40e-02,2.24e-01,3.56e-01,
108,-6.18e+00,8.40e-02,2.24e-01,3.56e-01,
109,-6.18e+00,8.40e-02,2.32e-01,3.72e-01,
110,-6.18e+00,8.40e-02,2.32e-01,3.72e-01,
111,-6.18e+00,1.00e-01,2.32e-01,3.72e-01,
112,-6.18e+00,8.40e-02,2.32e-01,3.80e-01,
113,-6.18e+00,8.40e-02,2.32e-01,3.80e-01,
114,-6.18e+00,1.00e-01,2.32e-01,3.80e-01,
115,-6.18e+00,1.00e-01,2.32e-01,3.80e-01,
116,-6.18e+00,1.00e-01,2.32e-01,3.96e-01,
117,-6.16e+00,1.00e-01,2.48e-01,3.96e-01,
118,-6.16e+00,1.00e-01,2.48e-01,3.96e-01,
119,-6.16e+00,1.00e-01,2.48e-01,3.96e-01,
120,-6.16e+00,1.00e-01,2.48e-01,4.04e-01,
121,-6.16e+00,1.00e-01,2.48e-01,4.04e-01,
122,-6.16e+00,1.00e-01,2.48e-01,4.04e-01,
123,-6.15e+00,1.00e-01,2.48e-01,4.04e-01,
124,-6.15e+00,1.00e-01,2.48e-01,4.20e-01,
125,-6.15e+00,1.00e-01,2.56e-01,4.20e-01,
126,-6.15e+00,1.00e-01,2.56e-01,4.20e-01,
127,-6.15e+00,1.00e-01,2.56e-01,4.20e-01,
128,-6.15e+00,1.00e-01,2.56e-01,4.28e-01,
129,-6.14e+00,1.00e-01,2.56e-01,4.28e-01,
130,-6.14e+00,1.00e-01,2.56e-01,4.28e-01,
131,-6.14e+00,1.16e-01,2.56e-01,4.28e-01,
132,-6.14e+00,1.00e-01,2.56e-01,4.28e-01,
133,-6.14e+00,1.00e-01,2.56e-01,4.44e-01,
134,-6.14e+00,1.16e-01,2.56e-01,4.44e-01,
135,-6.13e+00,1.16e-01,2.72e-01,4.44e-01,
136,-6.13e+00,1.16e-01,2.72e-01,4.44e-01,
137,-6.13e+00,1.16e-01,2.72e-01,4.44e-01,
138,-6.13e+00,1.16e-01,2.72e-01,4.52e-01,
139,-6.13e+00,1.16e-01,2.72e-01,4.52e-01,
140,-6.13e+00,1.16e-01,2.72e-01,4.52e-01,
141,-6.11e+00,1.16e-01,2.72e-01,4.52e-01,
142,-6.11e+00,1.16e-01,2.72e-01,4.52e-01,
143,-6.11e+00,1.16e-01,2.72e-01,4.68e-01,
144,-6.11e+00,1.16e-01,2.72e-01,4.68e-01,
145,-6.10e+00,1.16e-01,2.80e-01,4.68e-01,
146,-6.11e+00,1.16e-01,2.80e-01,4.68e-01,
147,-6.10e+00,1.16e-01,2.80e-01,4.68e-01,
148,-6.10e+00,1.16e-01,2.80e-01,4.68e-01,
149,-6.10e+00,1.16e-01,2.80e-01,4.68e-01,
150,-6.10e+00,1.16e-01,2.80e-01,4.76e-01,
151,-6.10e+00,1.16e-01,2.80e-01,4.76e-01,
152,-6.09e+00,1.16e-01,2.80e-01,4.76e-01,
153,-6.09e+00,1.16e-01,2.80e-01,4.76e-01,
154,-6.09e+00,1.16e-01,2.80e-01,4.76e-01,
155,-6.09e+00,1.16e-01,2.80e-01,4.76e-01,
156,-6.09e+00,1.16e-01,2.80e-01,4.76e-01,
157,-6.08e+00,1.24e-01,2.80e-01,4.92e-01,
158,-6.08e+00,1.16e-01,2.80e-01,4.92e-01,
159,-6.08e+00,1.24e-01,2.80e-01,4.92e-01,
160,-6.08e+00,1.16e-01,2.96e-01,4.92e-01,
161,-6.08e+00,1.24e-01,2.96e-01,4.92e-01,
162,-6.06e+00,1.24e-01,2.96e-01,4.92e-01,
163,-6.06e+00,1.24e-01,2.96e-01,4.92e-01,
164,-6.06e+00,1.24e-01,2.80e-01,4.92e-01,
165,-6.06e+00,1.24e-01,2.96e-01,4.92e-01,
166,-6.06e+00,1.24e-01,2.96e-01,4.92e-01,
167,-6.06e+00,1.24e-01,2.96e-01,5.00e-01,
168,-6.06e+00,1.24e-01,2.96e-01,5.00e-01,
169,-6.06e+00,1.24e-01,2.96e-01,5.00e-01,
170,-6.06e+00,1.24e-01,2.96e-01,5.00e-01,
171,-6.06e+00,1.24e-01,2.96e-01,5.00e-01,
172,-6.06e+00,1.24e-01,2.96e-01,5.00e-01,
173,-6.04e+00,1.24e-01,2.96e-01,5.00e-01,
174,-6.04e+00,1.24e-01,2.96e-01,5.00e-01,
175,-6.04e+00,1.24e-01,2.96e-01,5.00e-01,
176,-6.04e+00,1.24e-01,2.96e-01,5.00e-01,
177,-6.04e+00,1.24e-01,2.96e-01,5.00e-01,
178,-6.04e+00,1.24e-01,2.96e-01,5.00e-01,
179,-6.03e+00,1.24e-01,2.96e-01,5.00e-01,
180,-6.03e+00,1.24e-01,2.96e-01,5.00e-01,
181,-6.03e+00,1.24e-01,2.96e-01,5.00e-01,
182,-6.03e+00,1.24e-01,2.96e-01,5.00e-01,
183,-6.03e+00,1.24e-01,2.96e-01,5.00e-01,
184,-6.03e+00,1.24e-01,2.96e-01,5.00e-01,
185,-6.02e+00,1.24e-01,2.96e-01,5.00e-01,
186,-6.02e+00,1.24e-01,2.96e-01,5.00e-01,
187,-6.02e+00,1.24e-01,2.96e-01,5.00e-01,
188,-6.02e+00,1.24e-01,2.96e-01,5.00e-01,
189,-6.02e+00,1.24e-01,2.96e-01,5.00e-01,
190,-6.02e+00,1.24e-01,2.96e-01,5.00e-01,
191,-6.02e+00,1.24e-01,2.96e-01,5.00e-01,
192,-6.01e+00,1.24e-01,2.96e-01,5.00e-01,
193,-6.01e+00,1.24e-01,2.96e-01,5.00e-01,
194,-6.01e+00,1.24e-01,2.96e-01,5.00e-01,
195,-6.01e+00,1.24e-01,2.96e-01,5.00e-01,
196,-5.99e+00,1.24e-01,2.96e-01,5.00e-01,
197,-6.01e+00,1.24e-01,2.96e-01,5.00e-01,
198,-5.99e+00,1.24e-01,2.96e-01,5.00e-01,
199,-5.99e+00,1.24e-01,2.96e-01,5.00e-01,
200,-5.99e+00,1.24e-01,2.96e-01,5.00e-01,
201,-5.99e+00,1.24e-01,2.96e-01,5.00e-01,
202,-5.98e+00,1.24e-01,2.96e-01,5.00e-01,
203,-5.99e+00,1.24e-01,2.96e-01,5.00e-01,
204,-5.98e+00,1.24e-01,2.96e-01,5.00e-01,
205,-5.98e+00,1.24e-01,2.96e-01,5.00e-01,
206,-5.98e+00,1.24e-01,2.96e-01,5.00e-01,
207,-5.98e+00,1.24e-01,2.80e-01,4.92e-01,
208,-5.98e+00,1.24e-01,2.80e-01,4.92e-01,
209,-5.98e+00,1.24e-01,2.96e-01,4.92e-01,
210,-5.97e+00,1.24e-01,2.80e-01,4.92e-01,
211,-5.97e+00,1.24e-01,2.80e-01,4.92e-01,
212,-5.97e+00,1.24e-01,2.80e-01,4.92e-01,
213,-5.97e+00,1.24e-01,2.80e-01,4.92e-01,
214,-5.97e+00,1.24e-01,2.80e-01,4.92e-01,
215,-5.96e+00,1.24e-01,2.80e-01,4.92e-01,
216,-5.97e+00,1.24e-01,2.80e-01,4.76e-01,
217,-5.96e+00,1.24e-01,2.80e-01,4.76e-01,
218,-5.96e+00,1.16e-01,2.80e-01,4.76e-01,
219,-5.96e+00,1.24e-01,2.80e-01,4.76e-01,
220,-5.96e+00,1.24e-01,2.80e-01,4.76e-01,
221,-5.96e+00,1.16e-01,2.80e-01,4.76e-01,
222,-5.96e+00,1.24e-01,2.72e-01,4.76e-01,
223,-5.94e+00,1.16e-01,2.72e-01,4.76e-01,
224,-5.94e+00,1.16e-01,2.72e-01,4.68e-01,
225,-5.94e+00,1.16e-01,2.72e-01,4.68e-01,
226,-5.94e+00,1.16e-01,2.72e-01,4.68e-01,
227,-5.94e+00,1.16e-01,2.72e-01,4.68e-01,
228,-5.94e+00,1.16e-01,2.72e-01,4.68e-01,
229,-5.94e+00,1.16e-01,2.72e-01,4.68e-01,
230,-5.94e+00,1.16e-01,2.72e-01,4.52e-01,
231,-5.94e+00,1.16e-01,2.72e-01,4.52e-01,
232,-5.94e+00,1.16e-01,2.56e-01,4.52e-01,
233,-5.94e+00,1.16e-01,2.56e-01,4.52e-01,
234,-5.94e+00,1.00e-01,2.56e-01,4.52e-01,
235,-5.94e+00,1.16e-01,2.56e-01,4.52e-01,
236,-5.94e+00,1.16e-01,2.56e-01,4.44e-01,
237,-5.92e+00,1.00e-01,2.56e-01,4.44e-01,
238,-5.94e+00,1.16e-01,2.56e-01,4.44e-01,
239,-5.92e+00,1.00e-01,2.56e-01,4.44e-01,
240,-5.92e+00,1.00e-01,2.56e-01,4.28e-01,
241,-5.92e+00,1.00e-01,2.48e-01,4.28e-01,
242,-5.92e+00,1.00e-01,2.48e-01,4.28e-01,
243,-5.91e+00,1.00e-01,2.48e-01,4.28e-01,
244,-5.92e+00,1.00e-01,2.48e-01,4.28e-01,
245,-5.92e+00,1.00e-01,2.48e-01,4.20e-01,
246,-5.91e+00,1.00e-01,2.48e-01,4.20e-01,
247,-5.91e+00,1.00e-01,2.48e-01,4.20e-01,
248,-5.91e+00,1.00e-01,2.48e-01,4.20e-01,
249,-5.91e+00,1.00e-01,2.32e-01,4.04e-01,
250,-5.91e+00,8.40e-02,2.32e-01,4.04e-01,
251,-5.91e+00,1.00e-01,2.32e-01,4.04e-01,
252,-5.91e+00,8.40e-02,2.32e-01,4.04e-01,
253,-5.90e+00,8.40e-02,2.32e-01,3.96e-01,
254,-5.91e+00,8.40e-02,2.32e-01,3.96e-01,
255,-5.90e+00,8.40e-02,2.24e-01,3.96e-01,
256,-5.90e+00,8.40e-02,2.24e-01,3.80e-01,
257,-5.90e+00,8.40e-02,2.24e-01,3.80e-01,
258,-5.90e+00,8.40e-02,2.24e-01,3.80e-01,
259,-5.90e+00,7.60e-02,2.24e-01,3.80e-01,
260,-5.90e+00,8.40e-02,2.24e-01,3.72e-01,
261,-5.90e+00,8.40e-02,2.08e-01,3.72e-01,
262,-5.90e+00,7.60e-02,2.24e-01,3.72e-01,
263,-5.89e+00,7.60e-02,2.08e-01,3.72e-01,
264,-5.90e+00,7.60e-02,2.08e-01,3.56e-01,
265,-5.89e+00,7.60e-02,2.08e-01,3.56e-01,
266,-5.89e+00,7.60e-02,2.08e-01,3.56e-01,
267,-5.89e+00,7.60e-02,2.08e-01,3.56e-01,
268,-5.89e+00,7.60e-02,2.00e-01,3.48e-01,
269,-5.89e+00,7.60e-02,2.00e-01,3.48e-01,
270,-5.89e+00,7.60e-02,2.00e-01,3.32e-01,
271,-5.89e+00,7.60e-02,2.00e-01,3.32e-01,
272,-5.89e+00,6.00e-02,2.00e-01,3.32e-01,
273,-5.87e+00,6.00e-02,2.00e-01,3.32e-01,
274,-5.89e+00,7.60e-02,1.84e-01,3.16e-01,
275,-5.87e+00,6.00e-02,1.84e-01,3.16e-01,
276,-5.87e+00,6.00e-02,1.84e-01,3.16e-01,
277,-5.87e+00,6.00e-02,1.84e-01,3.08e-01,
278,-5.87e+00,6.00e-02,1.68e-01,3.08e-01,
279,-5.87e+00,6.00e-02,1.68e-01,3.08e-01,
280,-5.87e+00,6.00e-02,1.68e-01,2.92e-01,
281,-5.87e+00,6.00e-02,1.68e-01,2.92e-01,
282,-5.86e+00,6.00e-02,1.68e-01,2.92e-01,
283,-5.87e+00,6.00e-02,1.68e-01,2.92e-01,
284,-5.87e+00,6.00e-02,1.68e-01,2.84e-01,
285,-5.86e+00,5.20e-02,1.60e-01,2.84e-01,
286,-5.87e+00,5.20e-02,1.60e-01,2.68e-01,
287,-5.86e+00,6.00e-02,1.60e-01,2.68e-01,
288,-5.86e+00,5.20e-02,1.60e-01,2.68e-01,
289,-5.86e+00,5.20e-02,1.60e-01,2.60e-01,
290,-5.87e+00,6.00e-02,1.44e-01,2.60e-01,
291,-5.86e+00,5.20e-02,1.44e-01,2.60e-01,
292,-5.86e+00,5.20e-02,1.44e-01,2.44e-01,
293,-5.86e+00,5.20e-02,1.44e-01,2.44e-01,
294,-5.86e+00,5.20e-02,1.36e-01,2.36e-01,
295,-5.86e+00,5.20e-02,1.36e-01,2.36e-01,
296,-5.86e+00,5.20e-02,1.36e-01,2.36e-01,
297,-5.86e+00,5.20e-02,1.36e-01,2.20e-01,
298,-5.86e+00,3.60e-02,1.36e-01,2.20e-01,
299,-5.86e+00,5.20e-02,1.36e-01,2.20e-01,
300,-5.86e+00,3.60e-02,1.20e-01,2.12e-01,
301,-5.86e+00,3.60e-02,1.20e-01,2.12e-01,
302,-5.86e+00,3.60e-02,1.20e-01,1.96e-01,
303,-5.86e+00,3.60e-02,1.12e-01,1.96e-01,
304,-5.86e+00,3.60e-02,1.12e-01,1.96e-01,
305,-5.86e+00,3.60e-02,1.12e-01,1.88e-01,
306,-5.86e+00,3.60e-02,1.12e-01,1.88e-01,
307,-5.85e+00,3.60e-02,1.12e-01,1.88e-01,
308,-5.86e+00,2.80e-02,1.12e-01,1.72e-01,
309,-5.86e+00,3.60e-02,9.60e-02,1.72e-01,
310,-5.86e+00,2.80e-02,9.60e-02,1.64e-01,
311,-5.86e+00,2.80e-02,9.60e-02,1.64e-01,
312,-5.86e+00,2.80e-02,9.60e-02,1.64e-01,
313,-5.86e+00,2.80e-02,8.80e-02,1.48e-01,
314,-5.86e+00,2.80e-02,8.80e-02,1.48e-01,
315,-5.86e+00,2.80e-02,8.80e-02,1.48e-01,
316,-5.86e+00,1.20e-02,7.20e-02,1.40e-01,
317,-5.86e+00,2.80e-02,7.20e-02,1.40e-01,
318,-5.86e+00,2.80e-02,7.20e-02,1.24e-01,
319,-5.86e+00,2.80e-02,7.20e-02,1.24e-01,
320,-5.86e+00,1.20e-02,6.40e-02,1.16e-01,
321,-5.86e+00,2.80e-02,6.40e-02,1.16e-01,
322,-5.86e+00,1.20e-02,6.40e-02,1.16e-01,
323,-5.86e+00,1.20e-02,6.40e-02,1.00e-01,
324,-5.86e+00,1.20e-02,4.80e-02,1.00e-01,
325,-5.86e+00,1.20e-02,4.80e-02,9.20e-02,
326,-5.86e+00,4.00e-03,4.80e-02,9.20e-02,
327,-5.86e+00,4.00e-03,4.80e-02,7.60e-02,
328,-5.87e+00,4.00e-03,4.80e-02,7.60e-02,
329,-5.86e+00,4.00e-03,4.00e-02,7.60e-02,
330,-5.87e+00,4.00e-03,4.00e-02,6.80e-02,
331,-5.86e+00,4.00e-03,4.00e-02,6.80e-02,
332,-5.87e+00,4.00e-03,4.00e-02,5.20e-02,
333,-5.86e+00,4.00e-03,2.40e-02,5.20e-02,
334,-5.87e+00,4.00e-03,2.40e-02,5.20e-02,
335,-5.87e+00,-1.20e-02,2.40e-02,3.60e-02,
336,-5.87e+00,-1.20e-02,2.40e-02,3.60e-02,
337,-5.87e+00,4.00e-03,1.60e-02,2.80e-02,
338,-5.87e+00,-1.20e-02,1.60e-02,2.80e-02,
339,-5.87e+00,-1.20e-02,1.60e-02,2.80e-02,
340,-5.87e+00,-1.20e-02,-0.00e+00,1.20e-02,
341,-5.87e+00,-1.20e-02,-0.00e+00,4.00e-03,
342,-5.87e+00,-2.00e-02,-0.00e+00,4.00e-03,
343,-5.87e+00,-1.20e-02,-0.00e+00,4.00e-03,
344,-5.87e+00,-2.00e-02,-8.00e-03,-1.20e-02,
345,-5.87e+00,-2.00e-02,-8.00e-03,-1.20e-02,
346,-5.89e+00,-2.00e-02,-8.00e-03,-2.00e-02,
347,-5.87e+00,-2.00e-02,-8.00e-03,-2.00e-02,
348,-5.89e+00,-2.00e-02,-2.40e-02,-3.60e-02,
349,-5.89e+00,-3.60e-02,-2.40e-02,-3.60e-02,
350,-5.89e+00,-2.00e-02,-2.40e-02,-4.40e-02,
351,-5.89e+00,-3.60e-02,-2.40e-02,-4.40e-02,
352,-5.89e+00,-3.60e-02,-3.20e-02,-6.00e-02,
353,-5.89e+00,-3.60e-02,-3.20e-02,-6.00e-02,
354,-5.89e+00,-3.60e-02,-3.20e-02,-6.00e-02,
355,-5.89e+00,-3.60e-02,-4.80e-02,-6.80e-02,
356,-5.89e+00,-3.60e-02,-4.80e-02,-6.80e-02,
357,-5.89e+00,-4.40e-02,-4.80e-02,-6.80e-02,
358,-5.89e+00,-4.40e-02,-5.60e-02,-8.40e-02,
359,-5.89e+00,-4.40e-02,-5.60e-02,-9.20e-02,
360,-5.89e+00,-4.40e-02,-5.60e-02,-9.20e-02,
361,-5.89e+00,-4.40e-02,-5.60e-02,-9.20e-02,
362,-5.90e+00,-4.40e-02,-7.20e-02,-1.08e-01,
363,-5.90e+00,-6.00e-02,-7.20e-02,-1.08e-01,
364,-5.90e+00,-6.00e-02,-7.20e-02,-1.16e-01,
365,-5.90e+00,-6.00e-02,-7.20e-02,-1.16e-01,
366,-5.90e+00,-6.00e-02,-8.00e-02,-1.32e-01,
367,-5.90e+00,-6.00e-02,-8.00e-02,-1.32e-01,
368,-5.90e+00,-6.00e-02,-8.00e-02,-1.32e-01,
369,-5.90e+00,-6.00e-02,-9.60e-02,-1.40e-01,
370,-5.90e+00,-6.00e-02,-9.60e-02,-1.40e-01,
371,-5.90e+00,-6.80e-02,-9.60e-02,-1.56e-01,
372,-5.90e+00,-6.80e-02,-9.60e-02,-1.56e-01,
373,-5.90e+00,-6.80e-02,-9.60e-02,-1.64e-01,
374,-5.91e+00,-6.80e-02,-1.04e-01,-1.64e-01,
375,-5.90e+00,-6.80e-02,-1.04e-01,-1.80e-01,
376,-5.91e+00,-6.80e-02,-1.04e-01,-1.80e-01,
377,-5.91e+00,-6.80e-02,-1.20e-01,-1.80e-01,
378,-5.91e+00,-6.80e-02,-1.20e-01,-1.88e-01,
379,-5.91e+00,-8.40e-02,-1.20e-01,-1.88e-01,
380,-5.91e+00,-8.40e-02,-1.20e-01,-2.04e-01,
381,-5.91e+00,-6.80e-02,-1.28e-01,-2.04e-01,
382,-5.91e+00,-8.40e-02,-1.28e-01,-2.12e-01,
383,-5.91e+00,-8.40e-02,-1.28e-01,-2.12e-01,
384,-5.92e+00,-8.40e-02,-1.28e-01,-2.12e-01,
385,-5.91e+00,-8.40e-02,-1.44e-01,-2.28e-01,
386,-5.92e+00,-8.40e-02,-1.44e-01,-2.28e-01,
387,-5.92e+00,-8.40e-02,-1.44e-01,-2.28e-01,
388,-5.92e+00,-8.40e-02,-1.44e-01,-2.44e-01,
389,-5.92e+00,-8.40e-02,-1.52e-01,-2.44e-01,
390,-5.92e+00,-8.40e-02,-1.52e-01,-2.52e-01,
391,-5.92e+00,-8.40e-02,-1.52e-01,-2.52e-01,
392,-5.92e+00,-8.40e-02,-1.52e-01,-2.68e-01,
393,-5.92e+00,-8.40e-02,-1.68e-01,-2.68e-01,
394,-5.92e+00,-9.20e-02,-1.68e-01,-2.68e-01,
395,-5.92e+00,-9.20e-02,-1.68e-01,-2.76e-01,
396,-5.94e+00,-9.20e-02,-1.68e-01,-2.76e-01,
397,-5.94e+00,-9.20e-02,-1.68e-01,-2.76e-01,
398,-5.94e+00,-9.20e-02,-1.76e-01,-2.92e-01,
399,-5.94e+00,-9.20e-02,-1.76e-01,-2.92e-01,
400,-5.94e+00,-9.20e-02,-1.76e-01,-3.00e-01,
401,-5.94e+00,-9.20e-02,-1.76e-01,-3.00e-01,
402,-5.94e+00,-9.20e-02,-1.76e-01,-3.16e-01,
403,-5.94e+00,-9.20e-02,-1.92e-01,-3.16e-01,
404,-5.94e+00,-9.20e-02,-1.92e-01,-3.16e-01,
405,-5.94e+00,-9.20e-02,-1.92e-01,-3.16e-01,
406,-5.94e+00,-9.20e-02,-1.92e-01,-3.24e-01,
407,-5.94e+00,-9.20e-02,-2.00e-01,-3.24e-01,
408,-5.94e+00,-9.20e-02,-2.00e-01,-3.40e-01,
409,-5.94e+00,-9.20e-02,-2.00e-01,-3.40e-01,
410,-5.94e+00,-9.20e-02,-2.00e-01,-3.40e-01,
411,-5.94e+00,-9.20e-02,-2.00e-01,-3.48e-01,
412,-5.96e+00,-9.20e-02,-2.00e-01,-3.48e-01,
413,-5.96e+00,-9.20e-02,-2.16e-01,-3.48e-01,
414,-5.96e+00,-9.20e-02,-2.16e-01,-3.64e-01,
415,-5.96e+00,-9.20e-02,-2.16e-01,-3.64e-01,
416,-5.96e+00,-9.20e-02,-2.16e-01,-3.64e-01,
417,-5.96e+00,-9.20e-02,-2.32e-01,-3.72e-01,
418,-5.97e+00,-9.20e-02,-2.32e-01,-3.72e-01,
419,-5.96e+00,-9.20e-02,-2.32e-01,-3.72e-01,
420,-5.97e+00,-9.20e-02,-2.32e-01,-3.72e-01,
421,-5.97e+00,-9.20e-02,-2.32e-01,-3.88e-01,
422,-5.97e+00,-9.20e-02,-2.32e-01,-3.88e-01,
423,-5.97e+00,-9.20e-02,-2.32e-01,-3.88e-01,
424,-5.97e+00,-9.20e-02,-2.40e-01,-3.96e-01,
425,-5.97e+00,-9.20e-02,-2.40e-01,-3.96e-01,
426,-5.98e+00,-9.20e-02,-2.40e-01,-3.96e-01,
427,-5.98e+00,-9.20e-02,-2.40e-01,-4.12e-01,
428,-5.98e+00,-9.20e-02,-2.40e-01,-4.12e-01,
429,-5.98e+00,-9.20e-02,-2.40e-01,-4.12e-01,
430,-5.98e+00,-9.20e-02,-2.56e-01,-4.12e-01,
431,-5.98e+00,-9.20e-02,-2.56e-01,-4.20e-01,
432,-5.99e+00,-9.20e-02,-2.56e-01,-4.20e-01,
433,-5.99e+00,-9.20e-02,-2.56e-01,-4.20e-01,
434,-5.99e+00,-9.20e-02,-2.56e-01,-4.36e-01,
435,-5.99e+00,-9.20e-02,-2.56e-01,-4.36e-01,
436,-5.99e+00,-9.20e-02,-2.56e-01,-4.36e-01,
437,-5.99e+00,-9.20e-02,-2.64e-01,-4.36e-01,
438,-6.01e+00,-9.20e-02,-2.64e-01,-4.36e-01,
439,-6.01e+00,-9.20e-02,-2.64e-01,-4.44e-01,
440,-6.01e+00,-9.20e-02,-2.64e-01,-4.44e-01,
441,-6.01e+00,-9.20e-02,-2.64e-01,-4.44e-01,
442,-6.02e+00,-9.20e-02,-2.64e-01,-4.44e-01,
443,-6.01e+00,-9.20e-02,-2.64e-01,-4.60e-01,
444,-6.02e+00,-9.20e-02,-2.64e-01,-4.60e-01,
445,-6.02e+00,-9.20e-02,-2.80e-01,-4.60e-01,
446,-6.02e+00,-9.20e-02,-2.80e-01,-4.68e-01,
447,-6.02e+00,-9.20e-02,-2.80e-01,-4.68e-01,
448,-6.03e+00,-9.20e-02,-2.80e-01,-4.68e-01,
449,-6.03e+00,-9.20e-02,-2.80e-01,-4.68e-01,
450,-6.03e+00,-9.20e-02,-2.80e-01,-4.68e-01,
451,-6.03e+00,-9.20e-02,-2.80e-01,-4.68e-01,
452,-6.03e+00,-9.20e-02,-2.80e-01,-4.84e-01,
453,-6.03e+00,-9.20e-02,-2.80e-01,-4.84e-01,
454,-6.04e+00,-9.20e-02,-2.88e-01,-4.84e-01,
455,-6.03e+00,-9.20e-02,-2.80e-01,-4.84e-01,
456,-6.04e+00,-9.20e-02,-2.88e-01,-4.84e-01,
457,-6.04e+00,-9.20e-02,-2.88e-01,-5.00e-01,
458,-6.04e+00,-9.20e-02,-2.88e-01,-5.00e-01,
459,-6.06e+00,-9.20e-02,-2.88e-01,-5.00e-01,
460,-6.06e+00,-9.20e-02,-2.88e-01,-5.00e-01,
461,-6.06e+00,-9.20e-02,-2.88e-01,-5.00e-01,
462,-6.06e+00,-1.08e-01,-2.88e-01,-5.00e-01,
463,-6.06e+00,-9.20e-02,-2.88e-01,-5.00e-01,
464,-6.06e+00,-1.08e-01,-2.88e-01,-5.08e-01,
465,-6.06e+00,-1.08e-01,-2.88e-01,-5.08e-01,
466,-6.06e+00,-9.20e-02,-2.88e-01,-5.08e-01,
467,-6.06e+00,-1.08e-01,-2.88e-01,-5.08e-01,
468,-6.06e+00,-1.08e-01,-2.88e-01,-5.08e-01,
469,-6.08e+00,-1.08e-01,-3.04e-01,-5.24e-01,
470,-6.08e+00,-1.08e-01,-2.88e-01,-5.24e-01,
471,-6.08e+00,-1.08e-01,-3.04e-01,-5.24e-01,
472,-6.08e+00,-1.08e-01,-3.04e-01,-5.24e-01,
473,-6.08e+00,-1.08e-01,-3.04e-01,-5.24e-01,
474,-6.08e+00,-1.08e-01,-3.04e-01,-5.24e-01,
475,-6.09e+00,-1.08e-01,-3.04e-01,-5.24e-01,
476,-6.09e+00,-1.08e-01,-3.04e-01,-5.24e-01,
477,-6.09e+00,-1.16e-01,-3.04e-01,-5.24e-01,
478,-6.09e+00,-1.16e-01,-3.04e-01,-5.32e-01,
479,-6.09e+00,-1.08e-01,-3.04e-01,-5.32e-01,
480,-6.09e+00,-1.16e-01,-3.04e-01,-5.32e-01,
481,-6.10e+00,-1.16e-01,-3.04e-01,-5.32e-01,
482,-6.10e+00,-1.16e-01,-3.04e-01,-5.32e-01,
483,-6.10e+00,-1.16e-01,-3.04e-01,-5.32e-01,
484,-6.10e+00,-1.16e-01,-3.04e-01,-5.32e-01,
485,-6.10e+00,-1.16e-01,-3.04e-01,-5.32e-01,
486,-6.10e+00,-1.16e-01,-3.04e-01,-5.32e-01,
487,-6.11e+00,-1.16e-01,-3.04e-01,-5.32e-01,
488,-6.11e+00,-1.16e-01,-3.04e-01,-5.32e-01,
489,-6.11e+00,-1.32e-01,-3.04e-01,-5.32e-01,
490,-6.11e+00,-1.32e-01,-3.04e-01,-5.32e-01,
491,-6.13e+00,-1.16e-01,-3.04e-01,-5.32e-01,
492,-6.11e+00,-1.32e-01,-3.04e-01,-5.48e-01,
493,-6.13e+00,-1.32e-01,-3.04e-01,-5.48e-01,
494,-6.14e+00,-1.32e-01,-3.04e-01,-5.48e-01,
495,-6.13e+00,-1.32e-01,-3.04e-01,-5.32e-01,
496,-6.13e+00,-1.32e-01,-3.04e-01,-5.48e-01,
497,-6.14e+00,-1.32e-01,-3.04e-01,-5.48e-01,
498,-6.14e+00,-1.32e-01,-3.04e-01,-5.48e-01,
499,-6.13e+00,-1.32e-01,-3.04e-01,-5.48e-01,
500,-6.14e+00,-1.32e-01,-3.04e-01,-5.48e-01,
501,-6.14e+00,-1.32e-01,-3.04e-01,-5.48e-01,
502,-6.14e+00,-1.32e-01,-3.04e-01,-5.48e-01,
503,-6.15e+00,-1.32e-01,-3.04e-01,-5.48e-01,
504,-6.15e+00,-1.32e-01,-3.04e-01,-5.48e-01,
505,-6.14e+00,-1.40e-01,-3.04e-01,-5.48e-01,
506,-6.15e+00,-1.40e-01,-3.04e-01,-5.48e-01,
507,-6.15e+00,-1.32e-01,-3.04e-01,-5.32e-01,
508,-6.15e+00,-1.40e-01,-3.04e-01,-5.48e-01,
509,-6.15e+00,-1.40e-01,-2.88e-01,-5.32e-01,
510,-6.16e+00,-1.32e-01,-3.04e-01,-5.48e-01,
511,-6.15e+00,-1.40e-01,-3.04e-01,-5.32e-01,
512,-6.16e+00,-1.40e-01,-2.88e-01,-5.32e-01,
513,-6.16e+00,-1.32e-01,-2.88e-01,-5.32e-01,
514,-6.16e+00,-1.40e-01,-2.88e-01,-5.32e-01,
515,-6.16e+00,-1.40e-01,-2.88e-01,-5.32e-01,
516,-6.18e+00,-1.40e-01,-2.88e-01,-5.32e-01,
517,-6.16e+00,-1.40e-01,-2.88e-01,-5.32e-01,
518,-6.16e+00,-1.40e-01,-2.88e-01,-5.32e-01,
519,-6.18e+00,-1.40e-01,-2.88e-01,-5.32e-01,
520,-6.18e+00,-1.40e-01,-2.88e-01,-5.32e-01,
521,-6.18e+00,-1.40e-01,-2.88e-01,-5.32e-01,
522,-6.18e+00,-1.40e-01,-2.88e-01,-5.32e-01,
523,-6.18e+00,-1.40e-01,-2.80e-01,-5.24e-01,
524,-6.18e+00,-1.40e-01,-2.80e-01,-5.24e-01,
525,-6.18e+00,-1.40e-01,-2.80e-01,-5.24e-01,
526,-6.18e+00,-1.40e-01,-2.80e-01,-5.24e-01,
527,-6.18e+00,-1.40e-01,-2.80e-01,-5.24e-01,
528,-6.18e+00,-1.40e-01,-2.80e-01,-5.24e-01,
529,-6.18e+00,-1.32e-01,-2.80e-01,-5.24e-01,
530,-6.18e+00,-1.40e-01,-2.80e-01,-5.24e-01,
531,-6.18e+00,-1.40e-01,-2.64e-01,-5.08e-01,
532,-6.20e+00,-1.32e-01,-2.64e-01,-5.08e-01,
533,-6.20e+00,-1.40e-01,-2.64e-01,-5.08e-01,
534,-6.20e+00,-1.40e-01,-2.64e-01,-5.08e-01,
535,-6.20e+00,-1.32e-01,-2.64e-01,-5.08e-01,
536,-6.20e+00,-1.40e-01,-2.64e-01,-5.08e-01,
537,-6.20e+00,-1.40e-01,-2.64e-01,-5.08e-01,
538,-6.21e+00,-1.32e-01,-2.64e-01,-5.00e-01,
539,-6.20e+00,-1.32e-01,-2.64e-01,-5.00e-01,
540,-6.21e+00,-1.40e-01,-2.56e-01,-5.00e-01,
541,-6.21e+00,-1.32e-01,-2.56e-01,-5.00e-01,
542,-6.21e+00,-1.32e-01,-2.56e-01,-5.00e-01,
543,-6.21e+00,-1.32e-01,-2.56e-01,-4.84e-01,
544,-6.21e+00,-1.32e-01,-2.56e-01,-4.84e-01,
545,-6.21e+00,-1.32e-01,-2.56e-01,-4.84e-01,
546,-6.21e+00,-1.32e-01,-2.56e-01,-4.84e-01,
547,-6.22e+00,-1.32e-01,-2.40e-01,-4.84e-01,
548,-6.22e+00,-1.32e-01,-2.40e-01,-4.68e-01,
549,-6.22e+00,-1.32e-01,-2.40e-01,-4.68e-01,
550,-6.22e+00,-1.32e-01,-2.40e-01,-4.68e-01,
551,-6.22e+00,-1.16e-01,-2.40e-01,-4.68e-01,
552,-6.22e+00,-1.32e-01,-2.40e-01,-4.60e-01,
553,-6.23e+00,-1.16e-01,-2.32e-01,-4.60e-01,
554,-6.23e+00,-1.16e-01,-2.32e-01,-4.60e-01,
555,-6.22e+00,-1.16e-01,-2.32e-01,-4.60e-01,
556,-6.23e+00,-1.16e-01,-2.32e-01,-4.44e-01,
557,-6.23e+00,-1.16e-01,-2.32e-01,-4.44e-01,
558,-6.23e+00,-1.16e-01,-2.16e-01,-4.44e-01,
559,-6.23e+00,-1.16e-01,-2.16e-01,-4.44e-01,
560,-6.25e+00,-1.08e-01,-2.16e-01,-4.36e-01,
561,-6.23e+00,-1.08e-01,-2.16e-01,-4.36e-01,
562,-6.23e+00,-1.08e-01,-2.16e-01,-4.36e-01,
563,-6.25e+00,-1.08e-01,-2.00e-01,-4.36e-01,
564,-6.25e+00,-1.08e-01,-2.00e-01,-4.20e-01,
565,-6.25e+00,-1.08e-01,-2.00e-01,-4.20e-01,
566,-6.25e+00,-1.08e-01,-2.00e-01,-4.20e-01,
567,-6.25e+00,-1.08e-01,-2.00e-01,-4.12e-01,
568,-6.25e+00,-1.08e-01,-1.92e-01,-4.12e-01,
569,-6.25e+00,-9.20e-02,-1.92e-01,-4.12e-01,
570,-6.25e+00,-9.20e-02,-1.92e-01,-4.12e-01,
571,-6.25e+00,-9.20e-02,-1.92e-01,-3.96e-01,
572,-6.26e+00,-9.20e-02,-1.92e-01,-3.96e-01,
573,-6.25e+00,-9.20e-02,-1.92e-01,-3.96e-01,
574,-6.26e+00,-9.20e-02,-1.76e-01,-3.88e-01,
575,-6.26e+00,-8.40e-02,-1.76e-01,-3.88e-01,
576,-6.26e+00,-8.40e-02,-1.76e-01,-3.88e-01,
577,-6.26e+00,-8.40e-02,-1.76e-01,-3.72e-01,
578,-6.26e+00,-8.40e-02,-1.68e-01,-3.72e-01,
579,-6.26e+00,-8.40e-02,-1.68e-01,-3.64e-01,
580,-6.26e+00,-8.40e-02,-1.68e-01,-3.64e-01,
581,-6.26e+00,-8.40e-02,-1.68e-01,-3.64e-01,
582,-6.27e+00,-6.80e-02,-1.68e-01,-3.64e-01,
583,-6.26e+00,-6.80e-02,-1.68e-01,-3.48e-01,
584,-6.27e+00,-8.40e-02,-1.52e-01,-3.48e-01,
585,-6.27e+00,-6.80e-02,-1.52e-01,-3.48e-01,
586,-6.27e+00,-6.80e-02,-1.52e-01,-3.40e-01,
587,-6.27e+00,-6.80e-02,-1.44e-01,-3.40e-01,
588,-6.27e+00,-6.80e-02,-1.44e-01,-3.24e-01,
589,-6.27e+00,-6.80e-02,-1.44e-01,-3.24e-01,
590,-6.27e+00,-6.80e-02,-1.44e-01,-3.24e-01,
591,-6.27e+00,-6.80e-02,-1.44e-01,-3.16e-01,
592,-6.27e+00,-6.00e-02,-1.28e-01,-3.16e-01,
593,-6.27e+00,-6.00e-02,-1.28e-01,-3.16e-01,
594,-6.28e+00,-6.00e-02,-1.28e-01,-3.00e-01,
595,-6.28e+00,-6.00e-02,-1.28e-01,-3.00e-01,
596,-6.27e+00,-6.00e-02,-1.28e-01,-3.00e-01,
597,-6.27e+00,-6.00e-02,-1.20e-01,-2.92e-01,
598,-6.28e+00,-4.40e-02,-1.20e-01,-2.92e-01,
599,-6.28e+00,-6.00e-02,-1.20e-01,-2.92e-01,
600,-6.28e+00,-6.00e-02,-1.20e-01,-2.76e-01,
601,-6.28e+00,-4.40e-02,-1.04e-01,-2.76e-01,
602,-6.28e+00,-4.40e-02,-1.04e-01,-2.68e-01,
603,-6.28e+00,-4.40e-02,-1.04e-01,-2.68e-01,
604,-6.28e+00,-4.40e-02,-1.04e-01,-2.68e-01,
605,-6.28e+00,-4.40e-02,-1.04e-01,-2.52e-01,
606,-6.28e+00,-4.40e-02,-9.60e-02,-2.52e-01,
607,-6.28e+00,-4.40e-02,-9.60e-02,-2.52e-01,
608,-6.28e+00,-4.40e-02,-9.60e-02,-2.44e-01,
609,-6.28e+00,-3.60e-02,-9.60e-02,-2.44e-01,
610,-6.28e+00,-3.60e-02,-8.00e-02,-2.28e-01,
611,-6.28e+00,-3.60e-02,-8.00e-02,-2.28e-01,
612,-6.28e+00,-3.60e-02,-8.00e-02,-2.12e-01,
613,-6.28e+00,-3.60e-02,-8.00e-02,-2.12e-01,
614,-6.30e+00,-3.60e-02,-7.20e-02,-2.12e-01,
615,-6.28e+00,-3.60e-02,-7.20e-02,-2.04e-01,
616,-6.28e+00,-3.60e-02,-7.20e-02,-2.04e-01,
617,-6.30e+00,-3.60e-02,-7.20e-02,-1.88e-01,
618,-6.30e+00,-2.00e-02,-7.20e-02,-1.88e-01,
619,-6.28e+00,-3.60e-02,-5.60e-02,-1.88e-01,
620,-6.30e+00,-2.00e-02,-5.60e-02,-1.80e-01,
621,-6.30e+00,-2.00e-02,-5.60e-02,-1.80e-01,
622,-6.28e+00,-3.60e-02,-5.60e-02,-1.64e-01,
623,-6.30e+00,-2.00e-02,-4.80e-02,-1.64e-01,
624,-6.30e+00,-2.00e-02,-4.80e-02,-1.64e-01,
625,-6.28e+00,-2.00e-02,-4.80e-02,-1.56e-01,
626,-6.30e+00,-2.00e-02,-4.80e-02,-1.56e-01,
627,-6.30e+00,-2.00e-02,-3.20e-02,-1.40e-01,
628,-6.28e+00,-2.00e-02,-3.20e-02,-1.40e-01,
629,-6.30e+00,-2.00e-02,-3.20e-02,-1.32e-01,
630,-6.30e+00,-1.20e-02,-3.20e-02,-1.32e-01,
631,-6.28e+00,-2.00e-02,-3.20e-02,-1.32e-01,
632,-6.30e+00,-2.00e-02,-2.40e-02,-1.16e-01,
633,-6.30e+00,-1.20e-02,-2.40e-02,-1.16e-01,
634,-6.28e+00,-1.20e-02,-2.40e-02,-1.08e-01,
635,-6.28e+00,-2.00e-02,-8.00e-03,-1.08e-01,
636,-6.30e+00,-1.20e-02,-8.00e-03,-1.08e-01,
637,-6.28e+00,-1.20e-02,-8.00e-03,-9.20e-02,
638,-6.28e+00,-1.20e-02,-8.00e-03,-9.20e-02,
639,-6.30e+00,-1.20e-02,-8.00e-03,-8.40e-02,
640,-6.30e+00,-1.20e-02,-0.00e+00,-8.40e-02,
641,-6.28e+00,-1.20e-02,-0.00e+00,-6.80e-02,
642,-6.30e+00,-1.20e-02,-0.00e+00,-6.80e-02,
643,-6.30e+00,-1.20e-02,-0.00e+00,-6.00e-02,
644,-6.28e+00,-1.20e-02,1.60e-02,-6.00e-02,
645,-6.28e+00,-1.20e-02,1.60e-02,-6.00e-02,
646,-6.28e+00,4.00e-03,1.60e-02,-4.40e-02,
647,-6.28e+00,-1.20e-02,1.60e-02,-4.40e-02,
648,-6.28e+00,4.00e-03,2.40e-02,-3.60e-02,
649,-6.28e+00,4.00e-03,2.40e-02,-3.60e-02,
650,-6.28e+00,4.00e-03,2.40e-02,-2.00e-02,
651,-6.28e+00,4.00e-03,2.40e-02,-2.00e-02,
652,-6.28e+00,4.00e-03,4.00e-02,-1.20e-02,
653,-6.28e+00,4.00e-03,4.00e-02,-1.20e-02,
654,-6.28e+00,4.00e-03,4.00e-02,-1.20e-02,
655,-6.28e+00,4.00e-03,4.00e-02,4.00e-03,
656,-6.28e+00,4.00e-03,4.00e-02,4.00e-03,
657,-6.28e+00,4.00e-03,4.80e-02,1.20e-02,
658,-6.28e+00,4.00e-03,4.80e-02,1.20e-02,
659,-6.28e+00,1.20e-02,4.80e-02,1.20e-02,
660,-6.28e+00,4.00e-03,4.80e-02,2.80e-02,
661,-6.28e+00,1.20e-02,6.40e-02,2.80e-02,
662,-6.28e+00,1.20e-02,6.40e-02,3.60e-02,
663,-6.27e+00,1.20e-02,6.40e-02,3.60e-02,
664,-6.27e+00,1.20e-02,6.40e-02,5.20e-02,
665,-6.27e+00,1.20e-02,6.40e-02,5.20e-02,
666,-6.27e+00,1.20e-02,7.20e-02,5.20e-02,
667,-6.27e+00,1.20e-02,7.20e-02,6.80e-02,
668,-6.27e+00,1.20e-02,7.20e-02,6.80e-02,
669,-6.27e+00,1.20e-02,7.20e-02,7.60e-02,
670,-6.27e+00,1.20e-02,8.80e-02,7.60e-02,
671,-6.27e+00,1.20e-02,8.80e-02,9.20e-02,
672,-6.27e+00,1.20e-02,8.80e-02,9.20e-02,
673,-6.27e+00,2.80e-02,8.80e-02,1.00e-01,
674,-6.27e+00,2.80e-02,8.80e-02,1.00e-01,
675,-6.27e+00,2.80e-02,9.60e-02,1.00e-01,
676,-6.27e+00,2.80e-02,9.60e-02,1.16e-01,
677,-6.26e+00,2.80e-02,9.60e-02,1.16e-01,
678,-6.26e+00,2.80e-02,9.60e-02,1.24e-01,
679,-6.26e+00,2.80e-02,1.12e-01,1.24e-01,
680,-6.26e+00,2.80e-02,1.12e-01,1.40e-01,
681,-6.26e+00,2.80e-02,1.12e-01,1.40e-01,
682,-6.26e+00,2.80e-02,1.12e-01,1.40e-01,
683,-6.26e+00,3.60e-02,1.12e-01,1.48e-01,
684,-6.26e+00,2.80e-02,1.20e-01,1.48e-01,
685,-6.26e+00,3.60e-02,1.20e-01,1.64e-01,
686,-6.26e+00,3.60e-02,1.20e-01,1.64e-01,
687,-6.26e+00,3.60e-02,1.20e-01,1.64e-01,
688,-6.26e+00,3.60e-02,1.20e-01,1.72e-01,
689,-6.25e+00,3.60e-02,1.36e-01,1.72e-01,
690,-6.26e+00,3.60e-02,1.36e-01,1.88e-01,
691,-6.25e+00,3.60e-02,1.36e-01,1.88e-01,
692,-6.25e+00,3.60e-02,1.36e-01,1.96e-01,
693,-6.25e+00,3.60e-02,1.44e-01,1.96e-01,
694,-6.25e+00,3.60e-02,1.44e-01,1.96e-01,
695,-6.25e+00,5.20e-02,1.44e-01,2.12e-01,
696,-6.25e+00,3.60e-02,1.44e-01,2.12e-01,
697,-6.25e+00,5.20e-02,1.44e-01,2.20e-01,
698,-6.25e+00,5.20e-02,1.44e-01,2.20e-01,
699,-6.23e+00,5.20e-02,1.60e-01,2.36e-01,
700,-6.25e+00,5.20e-02,1.60e-01,2.36e-01,
701,-6.23e+00,5.20e-02,1.60e-01,2.36e-01,
702,-6.23e+00,5.20e-02,1.60e-01,2.36e-01,
703,-6.23e+00,5.20e-02,1.60e-01,2.44e-01,
704,-6.23e+00,5.20e-02,1.68e-01,2.44e-01,
705,-6.23e+00,5.20e-02,1.68e-01,2.44e-01,
706,-6.23e+00,5.20e-02,1.68e-01,2.60e-01,
707,-6.23e+00,6.00e-02,1.68e-01,2.60e-01,
708,-6.22e+00,6.00e-02,1.68e-01,2.68e-01,
709,-6.22e+00,5.20e-02,1.84e-01,2.68e-01,
710,-6.22e+00,6.00e-02,1.84e-01,2.84e-01,
711,-6.22e+00,6.00e-02,1.84e-01,2.84e-01,
712,-6.22e+00,6.00e-02,1.84e-01,2.84e-01,
713,-6.22e+00,6.00e-02,1.84e-01,2.92e-01,
714,-6.22e+00,6.00e-02,1.84e-01,2.92e-01,
715,-6.21e+00,6.00e-02,2.00e-01,2.92e-01,
716,-6.22e+00,6.00e-02,2.00e-01,3.08e-01,
717,-6.21e+00,6.00e-02,2.00e-01,3.08e-01,
718,-6.21e+00,6.00e-02,2.00e-01,3.08e-01,
719,-6.21e+00,7.60e-02,2.00e-01,3.16e-01,
720,-6.21e+00,6.00e-02,2.00e-01,3.16e-01,
721,-6.21e+00,6.00e-02,2.08e-01,3.16e-01,
722,-6.21e+00,7.60e-02,2.08e-01,3.32e-01,
723,-6.21e+00,7.60e-02,2.08e-01,3.32e-01,
724,-6.21e+00,7.60e-02,2.08e-01,3.32e-01,
725,-6.20e+00,7.60e-02,2.08e-01,3.48e-01,
726,-6.20e+00,7.60e-02,2.08e-01,3.48e-01,
727,-6.20e+00,7.60e-02,2.08e-01,3.48e-01,
728,-6.20e+00,7.60e-02,2.24e-01,3.56e-01,
729,-6.20e+00,7.60e-02,2.24e-01,3.56e-01,
730,-6.20e+00,8.40e-02,2.24e-01,3.56e-01,
731,-6.18e+00,7.60e-02,2.24e-01,3.72e-01,
732,-6.20e+00,7.60e-02,2.24e-01,3.72e-01,
733,-6.18e+00,8.40e-02,2.24e-01,3.72e-01,
734,-6.18e+00,7.60e-02,2.32e-01,3.72e-01,
735,-6.18e+00,8.40e-02,2.32e-01,3.80e-01,
736,-6.18e+00,8.40e-02,2.32e-01,3.80e-01,
737,-6.18e+00,8.40e-02,2.32e-01,3.80e-01,
738,-6.18e+00,8.40e-02,2.32e-01,3.96e-01,
739,-6.18e+00,8.40e-02,2.32e-01,3.96e-01,
740,-6.18e+00,8.40e-02,2.32e-01,3.96e-01,
741,-6.18e+00,8.40e-02,2.32e-01,4.04e-01,
742,-6.18e+00,8.40e-02,2.32e-01,4.04e-01,
743,-6.16e+00,8.40e-02,2.32e-01,4.04e-01,
744,-6.16e+00,8.40e-02,2.48e-01,4.04e-01,
745,-6.16e+00,8.40e-02,2.48e-01,4.04e-01,
746,-6.16e+00,1.00e-01,2.48e-01,4.20e-01,
747,-6.16e+00,1.00e-01,2.48e-01,4.20e-01,
748,-6.16e+00,1.00e-01,2.48e-01,4.20e-01,
749,-6.16e+00,1.00e-01,2.48e-01,4.28e-01,
750,-6.15e+00,1.00e-01,2.48e-01,4.28e-01,
751,-6.15e+00,1.00e-01,2.48e-01,4.28e-01,
752,-6.15e+00,1.00e-01,2.48e-01,4.28e-01,
753,-6.15e+00,1.00e-01,2.56e-01,4.28e-01,
754,-6.15e+00,1.00e-01,2.56e-01,4.44e-01,
755,-6.15e+00,1.00e-01,2.56e-01,4.44e-01,
756,-6.14e+00,1.00e-01,2.56e-01,4.44e-01,
757,-6.14e+00,1.00e-01,2.56e-01,4.44e-01,
758,-6.14e+00,1.00e-01,2.56e-01,4.44e-01,
759,-6.14e+00,1.00e-01,2.56e-01,4.52e-01,
760,-6.14e+00,1.16e-01,2.56e-01,4.52e-01,
761,-6.14e+00,1.16e-01,2.56e-01,4.52e-01,
762,-6.13e+00,1.16e-01,2.72e-01,4.52e-01,
763,-6.13e+00,1.16e-01,2.72e-01,4.68e-01,
764,-6.13e+00,1.16e-01,2.72e-01,4.68e-01,
765,-6.13e+00,1.16e-01,2.72e-01,4.68e-01,
766,-6.13e+00,1.16e-01,2.72e-01,4.68e-01,
767,-6.11e+00,1.16e-01,2.72e-01,4.68e-01,
768,-6.13e+00,1.16e-01,2.72e-01,4.68e-01,
769,-6.11e+00,1.16e-01,2.72e-01,4.76e-01,
770,-6.11e+00,1.16e-01,2.72e-01,4.76e-01,
771,-6.11e+00,1.24e-01,2.72e-01,4.76e-01,
772,-6.10e+00,1.16e-01,2.72e-01,4.76e-01,
773,-6.10e+00,1.16e-01,2.72e-01,4.76e-01,
774,-6.10e+00,1.24e-01,2.72e-01,4.76e-01,
775,-6.10e+00,1.16e-01,2.72e-01,4.92e-01,
776,-6.10e+00,1.24e-01,2.72e-01,4.92e-01,
777,-6.10e+00,1.24e-01,2.80e-01,4.92e-01,
778,-6.09e+00,1.24e-01,2.80e-01,4.92e-01,
779,-6.09e+00,1.24e-01,2.80e-01,4.92e-01,
780,-6.09e+00,1.24e-01,2.80e-01,4.92e-01,
781,-6.09e+00,1.24e-01,2.80e-01,4.92e-01,
782,-6.08e+00,1.24e-01,2.80e-01,4.92e-01,
783,-6.08e+00,1.24e-01,2.80e-01,4.92e-01,
784,-6.09e+00,1.24e-01,2.80e-01,5.00e-01,
785,-6.08e+00,1.24e-01,2.80e-01,5.00e-01,
786,-6.08e+00,1.24e-01,2.80e-01,5.00e-01,
787,-6.08e+00,1.24e-01,2.80e-01,5.00e-01,
788,-6.06e+00,1.24e-01,2.80e-01,5.00e-01,
789,-6.06e+00,1.24e-01,2.80e-01,5.00e-01,
790,-6.06e+00,1.24e-01,2.80e-01,5.00e-01,
791,-6.06e+00,1.40e-01,2.80e-01,5.00e-01,
792,-6.06e+00,1.24e-01,2.96e-01,5.00e-01,
793,-6.06e+00,1.40e-01,2.80e-01,5.00e-01,
794,-6.06e+00,1.40e-01,2.80e-01,5.00e-01,
795,-6.06e+00,1.24e-01,2.80e-01,5.16e-01,
796,-6.06e+00,1.40e-01,2.96e-01,5.16e-01,
797,-6.06e+00,1.40e-01,2.80e-01,5.16e-01,
798,-6.04e+00,1.40e-01,2.80e-01,5.16e-01,
799,-6.04e+00,1.40e-01,2.96e-01,5.16e-01,
800,-6.04e+00,1.40e-01,2.96e-01,5.16e-01,
801,-6.04e+00,1.40e-01,2.96e-01,5.16e-01,
802,-6.04e+00,1.40e-01,2.80e-01,5.16e-01,
803,-6.04e+00,1.40e-01,2.96e-01,5.16e-01,
804,-6.03e+00,1.40e-01,2.96e-01,5.16e-01,
805,-6.03e+00,1.40e-01,2.96e-01,5.16e-01,
806,-6.03e+00,1.40e-01,2.96e-01,5.16e-01,
807,-6.03e+00,1.40e-01,2.96e-01,5.16e-01,
808,-6.03e+00,1.40e-01,2.96e-01,5.16e-01,
809,-6.03e+00,1.40e-01,2.96e-01,5.16e-01,
810,-6.02e+00,1.40e-01,2.96e-01,5.16e-01,
811,-6.02e+00,1.40e-01,2.96e-01,5.16e-01,
812,-6.02e+00,1.40e-01,2.96e-01,5.16e-01,
813,-6.02e+00,1.40e-01,2.96e-01,5.16e-01,
814,-6.02e+00,1.40e-01,2.96e-01,5.16e-01,
815,-6.02e+00,1.40e-01,2.96e-01,5.16e-01,
816,-6.02e+00,1.40e-01,2.96e-01,5.16e-01,
817,-6.01e+00,1.40e-01,2.96e-01,5.16e-01,
818,-6.01e+00,1.40e-01,2.96e-01,5.16e-01,
819,-6.01e+00,1.40e-01,2.96e-01,5.16e-01,
820,-6.01e+00,1.40e-01,2.96e-01,5.16e-01,
821,-5.99e+00,1.40e-01,2.96e-01,5.16e-01,
822,-6.01e+00,1.40e-01,2.96e-01,5.16e-01,
823,-5.99e+00,1.40e-01,2.96e-01,5.16e-01,
824,-5.99e+00,1.40e-01,2.96e-01,5.16e-01,
825,-5.99e+00,1.40e-01,2.96e-01,5.16e-01,
826,-5.99e+00,1.40e-01,2.80e-01,5.16e-01,
827,-5.98e+00,1.40e-01,2.80e-01,5.00e-01,
828,-5.99e+00,1.40e-01,2.96e-01,5.00e-01,
829,-5.98e+00,1.40e-01,2.80e-01,5.00e-01,
830,-5.98e+00,1.40e-01,2.80e-01,5.00e-01,
831,-5.98e+00,1.40e-01,2.80e-01,5.00e-01,
832,-5.98e+00,1.40e-01,2.80e-01,5.00e-01,
833,-5.97e+00,1.40e-01,2.80e-01,5.00e-01,
834,-5.97e+00,1.40e-01,2.80e-01,5.00e-01,
835,-5.97e+00,1.40e-01,2.80e-01,5.00e-01,
836,-5.97e+00,1.24e-01,2.80e-01,5.00e-01,
837,-5.97e+00,1.24e-01,2.80e-01,5.00e-01,
838,-5.97e+00,1.24e-01,2.80e-01,4.92e-01,
839,-5.97e+00,1.24e-01,2.80e-01,4.92e-01,
840,-5.97e+00,1.24e-01,2.80e-01,4.92e-01,
841,-5.96e+00,1.40e-01,2.80e-01,4.92e-01,
842,-5.96e+00,1.24e-01,2.80e-01,4.92e-01,
843,-5.96e+00,1.24e-01,2.80e-01,4.92e-01,
844,-5.96e+00,1.24e-01,2.80e-01,4.92e-01,
845,-5.96e+00,1.24e-01,2.80e-01,4.92e-01,
846,-5.96e+00,1.24e-01,2.80e-01,4.76e-01,
847,-5.96e+00,1.24e-01,2.72e-01,4.76e-01,
848,-5.94e+00,1.24e-01,2.72e-01,4.76e-01,
849,-5.94e+00,1.24e-01,2.72e-01,4.76e-01,
850,-5.94e+00,1.24e-01,2.72e-01,4.76e-01,
851,-5.94e+00,1.24e-01,2.72e-01,4.76e-01,
852,-5.94e+00,1.16e-01,2.72e-01,4.76e-01,
853,-5.94e+00,1.16e-01,2.72e-01,4.68e-01,
854,-5.94e+00,1.24e-01,2.72e-01,4.68e-01,
855,-5.94e+00,1.16e-01,2.72e-01,4.68e-01,
856,-5.94e+00,1.16e-01,2.72e-01,4.68e-01,
857,-5.94e+00,1.16e-01,2.56e-01,4.68e-01,
858,-5.94e+00,1.16e-01,2.72e-01,4.68e-01,
859,-5.94e+00,1.16e-01,2.56e-01,4.52e-01,
860,-5.94e+00,1.16e-01,2.56e-01,4.52e-01,
861,-5.92e+00,1.16e-01,2.56e-01,4.52e-01,
862,-5.94e+00,1.16e-01,2.56e-01,4.52e-01,
863,-5.92e+00,1.16e-01,2.56e-01,4.44e-01,
864,-5.92e+00,1.00e-01,2.56e-01,4.44e-01,
865,-5.92e+00,1.00e-01,2.56e-01,4.44e-01,
866,-5.92e+00,1.00e-01,2.56e-01,4.44e-01,
867,-5.92e+00,1.00e-01,2.48e-01,4.44e-01,
868,-5.92e+00,1.00e-01,2.48e-01,4.28e-01,
869,-5.92e+00,1.00e-01,2.48e-01,4.28e-01,
870,-5.91e+00,1.00e-01,2.48e-01,4.28e-01,
871,-5.91e+00,1.00e-01,2.48e-01,4.28e-01,
872,-5.92e+00,8.40e-02,2.48e-01,4.20e-01,
873,-5.91e+00,1.00e-01,2.48e-01,4.20e-01,
874,-5.91e+00,8.40e-02,2.48e-01,4.20e-01,
875,-5.91e+00,8.40e-02,2.32e-01,4.20e-01,
876,-5.91e+00,8.40e-02,2.32e-01,4.04e-01,
877,-5.91e+00,8.40e-02,2.32e-01,4.04e-01,
878,-5.91e+00,8.40e-02,2.32e-01,4.04e-01,
879,-5.91e+00,8.40e-02,2.32e-01,3.96e-01,
880,-5.90e+00,7.60e-02,2.32e-01,3.96e-01,
881,-5.91e+00,7.60e-02,2.32e-01,3.96e-01,
882,-5.91e+00,7.60e-02,2.32e-01,3.96e-01,
883,-5.90e+00,7.60e-02,2.24e-01,3.80e-01,
884,-5.90e+00,7.60e-02,2.24e-01,3.80e-01,
885,-5.90e+00,7.60e-02,2.24e-01,3.80e-01,
886,-5.90e+00,7.60e-02,2.24e-01,3.80e-01,
887,-5.90e+00,7.60e-02,2.24e-01,3.72e-01,
888,-5.90e+00,7.60e-02,2.08e-01,3.72e-01,
889,-5.89e+00,6.00e-02,2.08e-01,3.72e-01,
890,-5.90e+00,6.00e-02,2.08e-01,3.56e-01,
891,-5.90e+00,6.00e-02,2.08e-01,3.56e-01,
892,-5.89e+00,6.00e-02,2.08e-01,3.56e-01,
893,-5.89e+00,6.00e-02,2.08e-01,3.48e-01,
894,-5.90e+00,6.00e-02,2.08e-01,3.48e-01,
895,-5.89e+00,6.00e-02,2.00e-01,3.48e-01,
896,-5.89e+00,5.20e-02,2.00e-01,3.32e-01,
897,-5.89e+00,6.00e-02,2.00e-01,3.32e-01,
898,-5.89e+00,6.00e-02,2.00e-01,3.32e-01,
899,-5.89e+00,5.20e-02,2.00e-01,3.16e-01,
900,-5.89e+00,5.20e-02,1.84e-01,3.16e-01,
901,-5.89e+00,5.20e-02,1.84e-01,3.16e-01,
902,-5.87e+00,5.20e-02,1.84e-01,3.08e-01,
903,-5.89e+00,5.20e-02,1.84e-01,3.08e-01,
904,-5.89e+00,5.20e-02,1.84e-01,3.08e-01,
905,-5.87e+00,5.20e-02,1.68e-01,2.92e-01,
906,-5.87e+00,5.20e-02,1.68e-01,2.92e-01,
907,-5.87e+00,5.20e-02,1.68e-01,2.84e-01,
908,-5.87e+00,3.60e-02,1.68e-01,2.84e-01,
909,-5.87e+00,5.20e-02,1.68e-01,2.84e-01,
910,-5.87e+00,3.60e-02,1.68e-01,2.84e-01,
911,-5.87e+00,3.60e-02,1.60e-01,2.68e-01,
912,-5.87e+00,3.60e-02,1.60e-01,2.68e-01,
913,-5.87e+00,3.60e-02,1.60e-01,2.60e-01,
914,-5.87e+00,3.60e-02,1.60e-01,2.60e-01,
915,-5.87e+00,3.60e-02,1.44e-01,2.60e-01,
916,-5.87e+00,3.60e-02,1.44e-01,2.44e-01,
917,-5.86e+00,3.60e-02,1.44e-01,2.44e-01,
918,-5.87e+00,2.80e-02,1.44e-01,2.36e-01,
919,-5.86e+00,3.60e-02,1.44e-01,2.36e-01,
920,-5.87e+00,2.80e-02,1.36e-01,2.36e-01,
921,-5.86e+00,2.80e-02,1.36e-01,2.20e-01,
922,-5.86e+00,2.80e-02,1.36e-01,2.20e-01,
923,-5.86e+00,2.80e-02,1.36e-01,2.20e-01,
924,-5.86e+00,2.80e-02,1.20e-01,2.12e-01,
925,-5.86e+00,2.80e-02,1.20e-01,2.12e-01,
926,-5.86e+00,2.80e-02,1.20e-01,1.96e-01,
927,-5.86e+00,2.80e-02,1.20e-01,1.96e-01,
928,-5.86e+00,2.80e-02,1.20e-01,1.96e-01,
929,-5.86e+00,2.80e-02,1.12e-01,1.88e-01,
930,-5.86e+00,1.20e-02,1.12e-01,1.88e-01,
931,-5.86e+00,2.80e-02,1.12e-01,1.88e-01,
932,-5.86e+00,1.20e-02,1.12e-01,1.72e-01,
933,-5.86e+00,2.80e-02,9.60e-02,1.72e-01,
934,-5.86e+00,1.20e-02,9.60e-02,1.64e-01,
935,-5.86e+00,1.20e-02,9.60e-02,1.64e-01,
936,-5.86e+00,1.20e-02,9.60e-02,1.48e-01,
937,-5.86e+00,1.20e-02,9.60e-02,1.48e-01,
938,-5.86e+00,1.20e-02,9.60e-02,1.40e-01,
939,-5.86e+00,1.20e-02,8.80e-02,1.40e-01,
940,-5.86e+00,1.20e-02,8.80e-02,1.40e-01,
941,-5.86e+00,1.20e-02,8.80e-02,1.24e-01,
942,-5.86e+00,1.20e-02,7.20e-02,1.24e-01,
943,-5.86e+00,1.20e-02,7.20e-02,1.16e-01,
944,-5.86e+00,1.20e-02,7.20e-02,1.16e-01,
945,-5.86e+00,1.20e-02,7.20e-02,1.16e-01,
946,-5.86e+00,1.20e-02,6.40e-02,1.00e-01,
947,-5.86e+00,1.20e-02,6.40e-02,1.00e-01,
948,-5.86e+00,1.20e-02,6.40e-02,9.20e-02,
949,-5.86e+00,4.00e-03,6.40e-02,9.20e-02,
950,-5.86e+00,4.00e-03,6.40e-02,9.20e-02,
951,-5.86e+00,4.00e-03,4.80e-02,7.60e-02,
952,-5.86e+00,4.00e-03,4.80e-02,7.60e-02,
953,-5.86e+00,4.00e-03,4.80e-02,6.80e-02,
954,-5.86e+00,4.00e-03,4.80e-02,6.80e-02,
955,-5.86e+00,4.00e-03,4.00e-02,5.20e-02,
956,-5.86e+00,4.00e-03,4.00e-02,5.20e-02,
957,-5.86e+00,4.00e-03,4.00e-02,5.20e-02,
958,-5.86e+00,4.00e-03,2.40e-02,3.60e-02,
959,-5.86e+00,4.00e-03,2.40e-02,3.60e-02,
960,-5.86e+00,4.00e-03,2.40e-02,2.80e-02,
961,-5.86e+00,4.00e-03,1.60e-02,2.80e-02,
962,-5.87e+00,4.00e-03,1.60e-02,1.20e-02,
963,-5.86e+00,4.00e-03,1.60e-02,1.20e-02,
964,-5.87e+00,4.00e-03,1.60e-02,1.20e-02,
965,-5.87e+00,-1.20e-02,1.60e-02,4.00e-03,
966,-5.87e+00,-1.20e-02,-0.00e+00,4.00e-03,
967,-5.87e+00,4.00e-03,-0.00e+00,-1.20e-02,
968,-5.87e+00,-1.20e-02,-0.00e+00,-1.20e-02,
969,-5.87e+00,-1.20e-02,-0.00e+00,-2.00e-02,
970,-5.87e+00,-1.20e-02,-8.00e-03,-2.00e-02,
971,-5.87e+00,-1.20e-02,-8.00e-03,-2.00e-02,
972,-5.87e+00,-1.20e-02,-8.00e-03,-3.60e-02,
973,-5.87e+00,-1.20e-02,-8.00e-03,-3.60e-02,
974,-5.87e+00,-1.20e-02,-2.40e-02,-4.40e-02,
975,-5.87e+00,-1.20e-02,-2.40e-02,-4.40e-02,
976,-5.87e+00,-1.20e-02,-2.40e-02,-6.00e-02,
977,-5.87e+00,-1.20e-02,-2.40e-02,-6.00e-02,
978,-5.87e+00,-1.20e-02,-3.20e-02,-6.00e-02,
979,-5.89e+00,-1.20e-02,-3.20e-02,-6.80e-02,
980,-5.87e+00,-2.00e-02,-3.20e-02,-6.80e-02,
981,-5.89e+00,-2.00e-02,-4.80e-02,-8.40e-02,
982,-5.89e+00,-2.00e-02,-4.80e-02,-8.40e-02,
983,-5.89e+00,-2.00e-02,-4.80e-02,-9.20e-02,
984,-5.89e+00,-2.00e-02,-4.80e-02,-9.20e-02,
985,-5.89e+00,-2.00e-02,-4.80e-02,-9.20e-02,
986,-5.89e+00,-2.00e-02,-5.60e-02,-1.08e-01,
987,-5.89e+00,-2.00e-02,-5.60e-02,-1.08e-01,
988,-5.89e+00,-2.00e-02,-5.60e-02,-1.16e-01,
989,-5.89e+00,-2.00e-02,-7.20e-02,-1.16e-01,
990,-5.89e+00,-3.60e-02,-7.20e-02,-1.32e-01,
991,-5.89e+00,-2.00e-02,-7.20e-02,-1.32e-01,
992,-5.90e+00,-2.00e-02,-7.20e-02,-1.32e-01,
993,-5.89e+00,-3.60e-02,-7.20e-02,-1.40e-01,
994,-5.90e+00,-3.60e-02,-8.00e-02,-1.40e-01,
995,-5.90e+00,-3.60e-02,-8.00e-02,-1.56e-01,
996,-5.90e+00,-3.60e-02,-8.00e-02,-1.56e-01,
997,-5.90e+00,-3.60e-02,-9.60e-02,-1.64e-01,
998,-5.90e+00,-3.60e-02,-9.60e-02,-1.64e-01,
999,-5.90e+00,-3.60e-02,-9.60e-02,-1.64e-01,
1000,-5.90e+00,-3.60e-02,-9.60e-02,-1.80e-01,
1001,-5.90e+00,-4.40e-02,-1.04e-01,-1.80e-01,
1002,-5.90e+00,-4.40e-02,-1.04e-01,-1.88e-01,
1003,-5.90e+00,-4.40e-02,-1.04e-01,-1.88e-01,
1004,-5.91e+00,-4.40e-02,-1.04e-01,-1.88e-01,
1005,-5.91e+00,-4.40e-02,-1.20e-01,-2.04e-01,
1006,-5.91e+00,-4.40e-02,-1.20e-01,-2.04e-01,
1007,-5.91e+00,-4.40e-02,-1.20e-01,-2.12e-01,
1008,-5.91e+00,-4.40e-02,-1.20e-01,-2.12e-01,
1009,-5.91e+00,-6.00e-02,-1.20e-01,-2.12e-01,
1010,-5.92e+00,-6.00e-02,-1.28e-01,-2.28e-01,
1011,-5.91e+00,-6.00e-02,-1.28e-01,-2.28e-01,
1012,-5.91e+00,-6.00e-02,-1.28e-01,-2.44e-01,
1013,-5.92e+00,-6.00e-02,-1.44e-01,-2.44e-01,
1014,-5.92e+00,-6.00e-02,-1.44e-01,-2.44e-01,
1015,-5.92e+00,-6.00e-02,-1.44e-01,-2.52e-01,
1016,-5.92e+00,-6.00e-02,-1.44e-01,-2.52e-01,
1017,-5.92e+00,-6.00e-02,-1.52e-01,-2.68e-01,
1018,-5.92e+00,-6.80e-02,-1.52e-01,-2.68e-01,
1019,-5.92e+00,-6.80e-02,-1.52e-01,-2.68e-01,
1020,-5.94e+00,-6.80e-02,-1.52e-01,-2.76e-01,
1021,-5.92e+00,-6.80e-02,-1.52e-01,-2.76e-01,
1022,-5.94e+00,-6.80e-02,-1.52e-01,-2.76e-01,
1023,-5.94e+00,-6.80e-02,-1.68e-01,-2.92e-01,
1024,-5.94e+00,-6.80e-02,-1.68e-01,-2.92e-01,
1025,-5.94e+00,-6.80e-02,-1.68e-01,-3.00e-01,
1026,-5.94e+00,-6.80e-02,-1.68e-01,-3.00e-01,
1027,-5.94e+00,-8.40e-02,-1.76e-01,-3.00e-01,
1028,-5.94e+00,-8.40e-02,-1.76e-01,-3.16e-01,
1029,-5.94e+00,-8.40e-02,-1.76e-01,-3.16e-01,
1030,-5.94e+00,-8.40e-02,-1.92e-01,-3.16e-01,
1031,-5.94e+00,-8.40e-02,-1.76e-01,-3.24e-01,
1032,-5.94e+00,-8.40e-02,-1.92e-01,-3.24e-01,
1033,-5.94e+00,-8.40e-02,-1.92e-01,-3.24e-01,
1034,-5.94e+00,-9.20e-02,-1.92e-01,-3.40e-01,
1035,-5.94e+00,-8.40e-02,-1.92e-01,-3.40e-01,
1036,-5.96e+00,-9.20e-02,-2.00e-01,-3.48e-01,
1037,-5.96e+00,-9.20e-02,-2.00e-01,-3.48e-01,
1038,-5.96e+00,-9.20e-02,-2.00e-01,-3.48e-01,
1039,-5.96e+00,-9.20e-02,-2.00e-01,-3.64e-01,
1040,-5.96e+00,-9.20e-02,-2.00e-01,-3.64e-01,
1041,-5.96e+00,-9.20e-02,-2.16e-01,-3.64e-01,
1042,-5.97e+00,-9.20e-02,-2.16e-01,-3.64e-01,
1043,-5.96e+00,-9.20e-02,-2.16e-01,-3.72e-01,
1044,-5.97e+00,-1.08e-01,-2.16e-01,-3.72e-01,
1045,-5.97e+00,-9.20e-02,-2.16e-01,-3.72e-01,
1046,-5.97e+00,-1.08e-01,-2.32e-01,-3.88e-01,
1047,-5.97e+00,-1.08e-01,-2.32e-01,-3.88e-01,
1048,-5.98e+00,-1.08e-01,-2.32e-01,-3.88e-01,
1049,-5.97e+00,-1.08e-01,-2.32e-01,-3.88e-01,
1050,-5.98e+00,-1.08e-01,-2.32e-01,-3.96e-01,
1051,-5.98e+00,-1.08e-01,-2.32e-01,-3.96e-01,
1052,-5.98e+00,-1.08e-01,-2.40e-01,-3.96e-01,
1053,-5.98e+00,-1.08e-01,-2.40e-01,-4.12e-01,
1054,-5.99e+00,-1.08e-01,-2.40e-01,-4.12e-01,
1055,-5.98e+00,-1.08e-01,-2.40e-01,-4.12e-01,
1056,-5.98e+00,-1.16e-01,-2.40e-01,-4.20e-01,
1057,-5.99e+00,-1.08e-01,-2.40e-01,-4.20e-01,
1058,-5.99e+00,-1.16e-01,-2.56e-01,-4.20e-01,
1059,-5.99e+00,-1.16e-01,-2.56e-01,-4.20e-01,
1060,-5.99e+00,-1.16e-01,-2.56e-01,-4.36e-01,
1061,-6.01e+00,-1.16e-01,-2.56e-01,-4.36e-01,
1062,-5.99e+00,-1.16e-01,-2.56e-01,-4.36e-01,
1063,-5.99e+00,-1.16e-01,-2.56e-01,-4.36e-01,
1064,-6.01e+00,-1.16e-01,-2.56e-01,-4.44e-01,
1065,-6.01e+00,-1.16e-01,-2.64e-01,-4.44e-01,
1066,-6.01e+00,-1.16e-01,-2.64e-01,-4.44e-01,
1067,-6.02e+00,-1.16e-01,-2.64e-01,-4.44e-01,
1068,-6.02e+00,-1.16e-01,-2.64e-01,-4.60e-01,
1069,-6.02e+00,-1.16e-01,-2.64e-01,-4.60e-01,
1070,-6.02e+00,-1.32e-01,-2.64e-01,-4.60e-01,
1071,-6.02e+00,-1.16e-01,-2.64e-01,-4.68e-01,
1072,-6.02e+00,-1.32e-01,-2.64e-01,-4.68e-01,
1073,-6.02e+00,-1.32e-01,-2.64e-01,-4.68e-01,
1074,-6.03e+00,-1.16e-01,-2.80e-01,-4.68e-01,
1075,-6.02e+00,-1.32e-01,-2.80e-01,-4.68e-01,
1076,-6.03e+00,-1.32e-01,-2.80e-01,-4.68e-01,
1077,-6.03e+00,-1.32e-01,-2.80e-01,-4.68e-01,
1078,-6.03e+00,-1.32e-01,-2.80e-01,-4.84e-01,
1079,-6.03e+00,-1.32e-01,-2.80e-01,-4.84e-01,
1080,-6.04e+00,-1.32e-01,-2.80e-01,-4.84e-01,
1081,-6.04e+00,-1.32e-01,-2.88e-01,-4.84e-01,
1082,-6.04e+00,-1.32e-01,-2.88e-01,-5.00e-01,
1083,-6.04e+00,-1.32e-01,-2.88e-01,-5.00e-01,
1084,-6.04e+00,-1.32e-01,-2.88e-01,-5.00e-01,
1085,-6.04e+00,-1.32e-01,-2.88e-01,-5.00e-01,
1086,-6.06e+00,-1.32e-01,-2.88e-01,-5.00e-01,
1087,-6.06e+00,-1.32e-01,-2.88e-01,-5.00e-01,
1088,-6.06e+00,-1.32e-01,-2.88e-01,-5.00e-01,
1089,-6.06e+00,-1.32e-01,-2.88e-01,-5.08e-01,
1090,-6.06e+00,-1.32e-01,-2.88e-01,-5.08e-01,
1091,-6.06e+00,-1.32e-01,-3.04e-01,-5.08e-01,
1092,-6.06e+00,-1.40e-01,-2.88e-01,-5.08e-01,
1093,-6.06e+00,-1.32e-01,-3.04e-01,-5.08e-01,
1094,-6.06e+00,-1.32e-01,-3.04e-01,-5.08e-01,
1095,-6.06e+00,-1.32e-01,-3.04e-01,-5.08e-01,
1096,-6.08e+00,-1.32e-01,-3.04e-01,-5.24e-01,
1097,-6.08e+00,-1.32e-01,-3.04e-01,-5.24e-01,
1098,-6.08e+00,-1.32e-01,-3.04e-01,-5.24e-01,
1099,-6.08e+00,-1.32e-01,-3.04e-01,-5.24e-01,
1100,-6.08e+00,-1.40e-01,-3.04e-01,-5.24e-01,
1101,-6.08e+00,-1.32e-01,-3.04e-01,-5.24e-01,
1102,-6.09e+00,-1.32e-01,-3.04e-01,-5.24e-01,
1103,-6.09e+00,-1.32e-01,-3.04e-01,-5.24e-01,
1104,-6.09e+00,-1.32e-01,-3.04e-01,-5.24e-01,
1105,-6.09e+00,-1.32e-01,-3.04e-01,-5.32e-01,
1106,-6.10e+00,-1.32e-01,-3.04e-01,-5.32e-01,
1107,-6.09e+00,-1.32e-01,-3.04e-01,-5.32e-01,
1108,-6.10e+00,-1.32e-01,-3.04e-01,-5.32e-01,
1109,-6.10e+00,-1.32e-01,-3.04e-01,-5.32e-01,
1110,-6.10e+00,-1.32e-01,-3.04e-01,-5.32e-01,
1111,-6.10e+00,-1.32e-01,-3.04e-01,-5.32e-01,
1112,-6.10e+00,-1.32e-01,-3.04e-01,-5.32e-01,
1113,-6.10e+00,-1.32e-01,-3.04e-01,-5.32e-01,
1114,-6.11e+00,-1.32e-01,-3.04e-01,-5.32e-01,
1115,-6.11e+00,-1.32e-01,-3.04e-01,-5.32e-01,
1116,-6.11e+00,-1.32e-01,-3.04e-01,-5.32e-01,
1117,-6.11e+00,-1.32e-01,-3.04e-01,-5.32e-01,
1118,-6.13e+00,-1.32e-01,-3.04e-01,-5.32e-01,
1119,-6.13e+00,-1.32e-01,-3.04e-01,-5.32e-01,
1120,-6.13e+00,-1.32e-01,-3.04e-01,-5.32e-01,
1121,-6.13e+00,-1.32e-01,-3.04e-01,-5.32e-01,
1122,-6.13e+00,-1.32e-01,-3.04e-01,-5.32e-01,
1123,-6.13e+00,-1.32e-01,-3.04e-01,-5.32e-01,
1124,-6.13e+00,-1.32e-01,-3.04e-01,-5.32e-01,
1125,-6.14e+00,-1.32e-01,-3.04e-01,-5.32e-01,
1126,-6.14e+00,-1.32e-01,-3.04e-01,-5.32e-01,
1127,-6.14e+00,-1.32e-01,-3.04e-01,-5.32e-01,
1128,-6.14e+00,-1.32e-01,-3.04e-01,-5.32e-01,
1129,-6.14e+00,-1.32e-01,-3.04e-01,-5.32e-01,
1130,-6.14e+00,-1.32e-01,-3.04e-01,-5.32e-01,
1131,-6.14e+00,-1.32e-01,-3.04e-01,-5.32e-01,
1132,-6.15e+00,-1.32e-01,-3.04e-01,-5.32e-01,
1133,-6.15e+00,-1.32e-01,-3.04e-01,-5.32e-01,
1134,-6.15e+00,-1.16e-01,-3.04e-01,-5.32e-01,
1135,-6.15e+00,-1.32e-01,-3.04e-01,-5.32e-01,
1136,-6.15e+00,-1.32e-01,-3.04e-01,-5.32e-01,
1137,-6.15e+00,-1.16e-01,-3.04e-01,-5.32e-01,
1138,-6.16e+00,-1.32e-01,-3.04e-01,-5.32e-01,
1139,-6.16e+00,-1.16e-01,-3.04e-01,-5.32e-01,
1140,-6.16e+00,-1.32e-01,-2.88e-01,-5.24e-01,
1141,-6.16e+00,-1.16e-01,-2.88e-01,-5.32e-01,
1142,-6.16e+00,-1.16e-01,-2.88e-01,-5.24e-01,
1143,-6.16e+00,-1.16e-01,-2.88e-01,-5.24e-01,
1144,-6.18e+00,-1.16e-01,-2.88e-01,-5.24e-01,
1145,-6.18e+00,-1.16e-01,-2.88e-01,-5.24e-01,
1146,-6.18e+00,-1.16e-01,-2.88e-01,-5.24e-01,
1147,-6.18e+00,-1.16e-01,-2.88e-01,-5.24e-01,
1148,-6.18e+00,-1.16e-01,-2.88e-01,-5.24e-01,
1149,-6.18e+00,-1.16e-01,-2.88e-01,-5.24e-01,
1150,-6.18e+00,-1.16e-01,-2.88e-01,-5.24e-01,
1151,-6.18e+00,-1.16e-01,-2.88e-01,-5.08e-01,
1152,-6.18e+00,-1.16e-01,-2.88e-01,-5.08e-01,
1153,-6.18e+00,-1.16e-01,-2.80e-01,-5.08e-01,
1154,-6.18e+00,-1.08e-01,-2.80e-01,-5.08e-01,
1155,-6.18e+00,-1.16e-01,-2.80e-01,-5.08e-01,
1156,-6.18e+00,-1.16e-01,-2.80e-01,-5.08e-01,
1157,-6.20e+00,-1.08e-01,-2.80e-01,-5.08e-01,
1158,-6.20e+00,-1.08e-01,-2.80e-01,-5.00e-01,
1159,-6.20e+00,-1.08e-01,-2.80e-01,-5.00e-01,
1160,-6.20e+00,-1.08e-01,-2.64e-01,-5.00e-01,
1161,-6.20e+00,-1.08e-01,-2.64e-01,-5.00e-01,
1162,-6.20e+00,-1.08e-01,-2.64e-01,-5.00e-01,
1163,-6.20e+00,-1.08e-01,-2.64e-01,-5.00e-01,
1164,-6.21e+00,-1.08e-01,-2.64e-01,-4.84e-01,
1165,-6.20e+00,-1.08e-01,-2.64e-01,-4.84e-01,
1166,-6.21e+00,-1.08e-01,-2.64e-01,-4.84e-01,
1167,-6.21e+00,-1.08e-01,-2.64e-01,-4.84e-01,
1168,-6.21e+00,-1.08e-01,-2.56e-01,-4.84e-01,
1169,-6.21e+00,-1.08e-01,-2.56e-01,-4.84e-01,
1170,-6.22e+00,-9.20e-02,-2.56e-01,-4.68e-01,
1171,-6.21e+00,-1.08e-01,-2.56e-01,-4.68e-01,
1172,-6.21e+00,-1.08e-01,-2.56e-01,-4.68e-01,
1173,-6.22e+00,-9.20e-02,-2.56e-01,-4.68e-01,
1174,-6.22e+00,-9.20e-02,-2.56e-01,-4.60e-01,
1175,-6.22e+00,-9.20e-02,-2.40e-01,-4.60e-01,
1176,-6.22e+00,-9.20e-02,-2.40e-01,-4.60e-01,
1177,-6.22e+00,-9.20e-02,-2.40e-01,-4.60e-01,
1178,-6.22e+00,-9.20e-02,-2.40e-01,-4.60e-01,
1179,-6.22e+00,-9.20e-02,-2.40e-01,-4.44e-01,
1180,-6.23e+00,-9.20e-02,-2.40e-01,-4.44e-01,
1181,-6.22e+00,-9.20e-02,-2.32e-01,-4.44e-01,
1182,-6.23e+00,-9.20e-02,-2.32e-01,-4.44e-01,
1183,-6.23e+00,-9.20e-02,-2.32e-01,-4.36e-01,
1184,-6.23e+00,-9.20e-02,-2.32e-01,-4.36e-01,
1185,-6.23e+00,-9.20e-02,-2.32e-01,-4.36e-01,
1186,-6.25e+00,-9.20e-02,-2.16e-01,-4.20e-01,
1187,-6.23e+00,-8.40e-02,-2.16e-01,-4.20e-01,
1188,-6.23e+00,-9.20e-02,-2.16e-01,-4.20e-01,
1189,-6.25e+00,-8.40e-02,-2.16e-01,-4.20e-01,
1190,-6.25e+00,-8.40e-02,-2.16e-01,-4.12e-01,
1191,-6.25e+00,-9.20e-02,-2.00e-01,-4.12e-01,
1192,-6.25e+00,-8.40e-02,-2.00e-01,-4.12e-01,
1193,-6.25e+00,-8.40e-02,-2.00e-01,-4.12e-01,
1194,-6.25e+00,-9.20e-02,-2.00e-01,-3.96e-01,
1195,-6.25e+00,-8.40e-02,-2.00e-01,-3.96e-01,
1196,-6.26e+00,-8.40e-02,-1.92e-01,-3.96e-01,
1197,-6.25e+00,-8.40e-02,-1.92e-01,-3.88e-01,
1198,-6.26e+00,-8.40e-02,-1.92e-01,-3.88e-01,
1199,-6.26e+00,-8.40e-02,-1.92e-01,-3.88e-01,
1200,-6.26e+00,-8.40e-02,-1.92e-01,-3.72e-01,
1201,-6.26e+00,-8.40e-02,-1.76e-01,-3.72e-01,
1202,-6.26e+00,-8.40e-02,-1.76e-01,-3.72e-01,
1203,-6.26e+00,-8.40e-02,-1.76e-01,-3.64e-01,
1204,-6.26e+00,-8.40e-02,-1.76e-01,-3.64e-01,
1205,-6.26e+00,-8.40e-02,-1.76e-01,-3.64e-01,
1206,-6.26e+00,-8.40e-02,-1.68e-01,-3.64e-01,
1207,-6.26e+00,-8.40e-02,-1.68e-01,-3.48e-01,
1208,-6.27e+00,-8.40e-02,-1.68e-01,-3.48e-01,
1209,-6.26e+00,-6.80e-02,-1.68e-01,-3.48e-01,
1210,-6.27e+00,-6.80e-02,-1.68e-01,-3.40e-01,
1211,-6.27e+00,-6.80e-02,-1.52e-01,-3.40e-01,
1212,-6.27e+00,-6.80e-02,-1.52e-01,-3.40e-01,
1213,-6.27e+00,-6.80e-02,-1.52e-01,-3.24e-01,
1214,-6.27e+00,-6.80e-02,-1.52e-01,-3.24e-01,
1215,-6.27e+00,-6.80e-02,-1.44e-01,-3.16e-01,
1216,-6.27e+00,-6.80e-02,-1.44e-01,-3.16e-01,
1217,-6.27e+00,-6.80e-02,-1.44e-01,-3.16e-01,
1218,-6.28e+00,-6.80e-02,-1.44e-01,-3.00e-01,
1219,-6.27e+00,-6.80e-02,-1.28e-01,-3.00e-01,
1220,-6.28e+00,-6.80e-02,-1.28e-01,-3.00e-01,
1221,-6.27e+00,-6.80e-02,-1.28e-01,-2.92e-01,
1222,-6.27e+00,-6.80e-02,-1.28e-01,-2.92e-01,
1223,-6.27e+00,-6.80e-02,-1.28e-01,-2.92e-01,
1224,-6.28e+00,-6.80e-02,-1.20e-01,-2.76e-01,
1225,-6.28e+00,-6.80e-02,-1.20e-01,-2.76e-01,
1226,-6.28e+00,-6.00e-02,-1.20e-01,-2.76e-01,
1227,-6.28e+00,-6.00e-02,-1.20e-01,-2.68e-01,
1228,-6.28e+00,-6.00e-02,-1.04e-01,-2.68e-01,
1229,-6.28e+00,-6.00e-02,-1.04e-01,-2.52e-01,
1230,-6.28e+00,-6.00e-02,-1.04e-01,-2.52e-01,
1231,-6.28e+00,-6.00e-02,-1.04e-01,-2.52e-01,
1232,-6.28e+00,-6.00e-02,-9.60e-02,-2.44e-01,
1233,-6.28e+00,-6.00e-02,-9.60e-02,-2.44e-01,
1234,-6.28e+00,-6.00e-02,-9.60e-02,-2.44e-01,
1235,-6.28e+00,-6.00e-02,-9.60e-02,-2.28e-01,
1236,-6.28e+00,-6.00e-02,-9.60e-02,-2.28e-01,
1237,-6.28e+00,-6.00e-02,-8.00e-02,-2.12e-01,
1238,-6.28e+00,-6.00e-02,-8.00e-02,-2.12e-01,
1239,-6.28e+00,-6.00e-02,-8.00e-02,-2.12e-01,
1240,-6.28e+00,-6.00e-02,-7.20e-02,-2.04e-01,
1241,-6.28e+00,-4.40e-02,-7.20e-02,-2.04e-01,
1242,-6.28e+00,-4.40e-02,-7.20e-02,-1.88e-01,
1243,-6.28e+00,-6.00e-02,-7.20e-02,-1.88e-01,
1244,-6.30e+00,-4.40e-02,-5.60e-02,-1.80e-01,
1245,-6.28e+00,-4.40e-02,-5.60e-02,-1.80e-01,
1246,-6.28e+00,-4.40e-02,-5.60e-02,-1.80e-01,
1247,-6.28e+00,-4.40e-02,-5.60e-02,-1.64e-01,
1248,-6.28e+00,-4.40e-02,-5.60e-02,-1.64e-01,
1249,-6.28e+00,-4.40e-02,-4.80e-02,-1.64e-01,
1250,-6.28e+00,-4.40e-02,-4.80e-02,-1.56e-01,
1251,-6.28e+00,-4.40e-02,-4.80e-02,-1.56e-01,
1252,-6.28e+00,-4.40e-02,-4.80e-02,-1.40e-01,
1253,-6.28e+00,-4.40e-02,-3.20e-02,-1.40e-01,
1254,-6.30e+00,-4.40e-02,-3.20e-02,-1.32e-01,
1255,-6.28e+00,-3.60e-02,-3.20e-02,-1.32e-01,
1256,-6.28e+00,-3.60e-02,-2.40e-02,-1.16e-01,
1257,-6.30e+00,-3.60e-02,-2.40e-02,-1.16e-01,
1258,-6.28e+00,-3.60e-02,-2.40e-02,-1.16e-01,
1259,-6.28e+00,-3.60e-02,-2.40e-02,-1.08e-01,
1260,-6.28e+00,-3.60e-02,-8.00e-03,-1.08e-01,
1261,-6.30e+00,-3.60e-02,-8.00e-03,-9.20e-02,
1262,-6.28e+00,-3.60e-02,-8.00e-03,-9.20e-02,
1263,-6.28e+00,-3.60e-02,-8.00e-03,-9.20e-02,
1264,-6.30e+00,-2.00e-02,-8.00e-03,-8.40e-02,
1265,-6.28e+00,-3.60e-02,-0.00e+00,-8.40e-02,
1266,-6.28e+00,-2.00e-02,-0.00e+00,-6.80e-02,
1267,-6.28e+00,-2.00e-02,-0.00e+00,-6.80e-02,
1268,-6.28e+00,-2.00e-02,-0.00e+00,-6.00e-02,
1269,-6.28e+00,-2.00e-02,1.60e-02,-6.00e-02,
1270,-6.28e+00,-2.00e-02,1.60e-02,-6.00e-02,
1271,-6.28e+00,-2.00e-02,1.60e-02,-4.40e-02,
1272,-6.28e+00,-2.00e-02,2.40e-02,-4.40e-02,
1273,-6.28e+00,-1.20e-02,2.40e-02,-3.60e-02,
1274,-6.28e+00,-1.20e-02,2.40e-02,-3.60e-02,
1275,-6.28e+00,-2.00e-02,2.40e-02,-2.00e-02,
1276,-6.28e+00,-1.20e-02,4.00e-02,-2.00e-02,
1277,-6.28e+00,-1.20e-02,4.00e-02,-1.20e-02,
1278,-6.28e+00,-1.20e-02,4.00e-02,-1.20e-02,
1279,-6.28e+00,-1.20e-02,4.00e-02,-1.20e-02,
1280,-6.28e+00,-1.20e-02,4.00e-02,4.00e-03,
1281,-6.28e+00,-1.20e-02,4.00e-02,4.00e-03,
1282,-6.28e+00,4.00e-03,4.80e-02,4.00e-03,
1283,-6.28e+00,4.00e-03,4.80e-02,1.20e-02,
1284,-6.28e+00,4.00e-03,4.80e-02,1.20e-02,
1285,-6.27e+00,4.00e-03,6.40e-02,2.80e-02,
1286,-6.28e+00,4.00e-03,6.40e-02,2.80e-02,
1287,-6.27e+00,4.00e-03,6.40e-02,3.60e-02,
1288,-6.27e+00,4.00e-03,6.40e-02,3.60e-02,
1289,-6.27e+00,4.00e-03,6.40e-02,5.20e-02,
1290,-6.27e+00,4.00e-03,7.20e-02,5.20e-02,
1291,-6.27e+00,1.20e-02,7.20e-02,6.80e-02,
1292,-6.27e+00,1.20e-02,7.20e-02,6.80e-02,
1293,-6.27e+00,1.20e-02,7.20e-02,6.80e-02,
1294,-6.27e+00,1.20e-02,7.20e-02,7.60e-02,
1295,-6.27e+00,1.20e-02,8.80e-02,7.60e-02,
1296,-6.27e+00,1.20e-02,8.80e-02,9.20e-02,
1297,-6.27e+00,1.20e-02,8.80e-02,9.20e-02,
1298,-6.27e+00,1.20e-02,9.60e-02,1.00e-01,
1299,-6.27e+00,2.80e-02,9.60e-02,1.00e-01,
1300,-6.27e+00,1.20e-02,9.60e-02,1.00e-01,
1301,-6.27e+00,2.80e-02,9.60e-02,1.16e-01,
1302,-6.27e+00,2.80e-02,1.12e-01,1.16e-01,
1303,-6.26e+00,2.80e-02,1.12e-01,1.24e-01,
1304,-6.26e+00,2.80e-02,1.12e-01,1.24e-01,
1305,-6.26e+00,3.60e-02,1.12e-01,1.24e-01,
1306,-6.26e+00,2.80e-02,1.12e-01,1.40e-01,
1307,-6.26e+00,3.60e-02,1.20e-01,1.40e-01,
1308,-6.26e+00,3.60e-02,1.20e-01,1.40e-01,
1309,-6.26e+00,3.60e-02,1.20e-01,1.48e-01,
1310,-6.26e+00,3.60e-02,1.20e-01,1.48e-01,
1311,-6.26e+00,3.60e-02,1.20e-01,1.64e-01,
1312,-6.26e+00,3.60e-02,1.36e-01,1.64e-01,
1313,-6.26e+00,3.60e-02,1.36e-01,1.72e-01,
1314,-6.26e+00,5.20e-02,1.36e-01,1.72e-01,
1315,-6.26e+00,5.20e-02,1.36e-01,1.88e-01,
1316,-6.25e+00,5.20e-02,1.36e-01,1.88e-01,
1317,-6.25e+00,5.20e-02,1.44e-01,1.88e-01,
1318,-6.25e+00,5.20e-02,1.44e-01,1.88e-01,
1319,-6.25e+00,5.20e-02,1.44e-01,1.96e-01,
1320,-6.25e+00,5.20e-02,1.44e-01,1.96e-01,
1321,-6.25e+00,5.20e-02,1.44e-01,2.12e-01,
1322,-6.25e+00,5.20e-02,1.60e-01,2.12e-01,
1323,-6.23e+00,5.20e-02,1.60e-01,2.20e-01,
1324,-6.25e+00,6.00e-02,1.60e-01,2.20e-01,
1325,-6.25e+00,6.00e-02,1.60e-01,2.20e-01,
1326,-6.23e+00,6.00e-02,1.60e-01,2.36e-01,
1327,-6.23e+00,6.00e-02,1.68e-01,2.36e-01,
1328,-6.23e+00,6.00e-02,1.68e-01,2.36e-01,
1329,-6.23e+00,6.00e-02,1.68e-01,2.44e-01,
1330,-6.23e+00,6.00e-02,1.68e-01,2.44e-01,
1331,-6.23e+00,6.00e-02,1.68e-01,2.44e-01,
1332,-6.23e+00,6.00e-02,1.84e-01,2.60e-01,
1333,-6.22e+00,7.60e-02,1.84e-01,2.60e-01,
1334,-6.22e+00,7.60e-02,1.84e-01,2.68e-01,
1335,-6.22e+00,7.60e-02,1.84e-01,2.68e-01,
1336,-6.22e+00,7.60e-02,1.84e-01,2.68e-01,
1337,-6.22e+00,7.60e-02,1.84e-01,2.84e-01,
1338,-6.22e+00,7.60e-02,1.84e-01,2.84e-01,
1339,-6.21e+00,7.60e-02,2.00e-01,2.84e-01,
1340,-6.22e+00,7.60e-02,2.00e-01,2.92e-01,
1341,-6.21e+00,7.60e-02,2.00e-01,2.92e-01,
1342,-6.21e+00,7.60e-02,2.00e-01,2.92e-01,
1343,-6.21e+00,7.60e-02,2.00e-01,3.08e-01,
1344,-6.21e+00,8.40e-02,2.08e-01,3.08e-01,
1345,-6.21e+00,8.40e-02,2.08e-01,3.08e-01,
1346,-6.20e+00,8.40e-02,2.08e-01,3.16e-01,
1347,-6.21e+00,8.40e-02,2.08e-01,3.16e-01,
1348,-6.21e+00,8.40e-02,2.08e-01,3.16e-01,
1349,-6.20e+00,8.40e-02,2.08e-01,3.32e-01,
1350,-6.20e+00,8.40e-02,2.24e-01,3.32e-01,
1351,-6.20e+00,8.40e-02,2.24e-01,3.32e-01,
1352,-6.20e+00,8.40e-02,2.24e-01,3.48e-01,
1353,-6.20e+00,8.40e-02,2.24e-01,3.48e-01,
1354,-6.20e+00,1.00e-01,2.24e-01,3.48e-01,
1355,-6.18e+00,1.00e-01,2.24e-01,3.56e-01,
1356,-6.18e+00,8.40e-02,2.24e-01,3.56e-01,
1357,-6.18e+00,1.00e-01,2.24e-01,3.56e-01,
1358,-6.18e+00,1.00e-01,2.24e-01,3.56e-01,
1359,-6.18e+00,1.00e-01,2.32e-01,3.72e-01,
1360,-6.18e+00,1.00e-01,2.32e-01,3.72e-01,
1361,-6.18e+00,1.00e-01,2.32e-01,3.72e-01,
1362,-6.18e+00,1.00e-01,2.32e-01,3.80e-01,
1363,-6.18e+00,1.00e-01,2.32e-01,3.80e-01,
1364,-6.18e+00,1.00e-01,2.32e-01,3.80e-01,
1365,-6.16e+00,1.00e-01,2.48e-01,3.80e-01,
1366,-6.18e+00,1.00e-01,2.48e-01,3.96e-01,
1367,-6.16e+00,1.00e-01,2.48e-01,3.96e-01,
1368,-6.16e+00,1.00e-01,2.48e-01,3.96e-01,
1369,-6.16e+00,1.00e-01,2.48e-01,4.04e-01,
1370,-6.16e+00,1.16e-01,2.48e-01,4.04e-01,
1371,-6.15e+00,1.00e-01,2.48e-01,4.04e-01,
1372,-6.16e+00,1.00e-01,2.48e-01,4.04e-01,
1373,-6.16e+00,1.16e-01,2.48e-01,4.04e-01,
1374,-6.15e+00,1.16e-01,2.56e-01,4.20e-01,
1375,-6.15e+00,1.16e-01,2.56e-01,4.20e-01,
1376,-6.15e+00,1.16e-01,2.56e-01,4.20e-01,
1377,-6.15e+00,1.16e-01,2.56e-01,4.20e-01,
1378,-6.14e+00,1.16e-01,2.56e-01,4.28e-01,
1379,-6.15e+00,1.16e-01,2.56e-01,4.28e-01,
1380,-6.14e+00,1.16e-01,2.56e-01,4.28e-01,
1381,-6.14e+00,1.16e-01,2.56e-01,4.28e-01,
1382,-6.14e+00,1.16e-01,2.56e-01,4.44e-01,
1383,-6.14e+00,1.16e-01,2.56e-01,4.44e-01,
1384,-6.13e+00,1.16e-01,2.72e-01,4.44e-01,
1385,-6.13e+00,1.16e-01,2.72e-01,4.44e-01,
1386,-6.13e+00,1.16e-01,2.72e-01,4.44e-01,
1387,-6.13e+00,1.16e-01,2.72e-01,4.52e-01,
1388,-6.13e+00,1.16e-01,2.72e-01,4.52e-01,
1389,-6.13e+00,1.16e-01,2.72e-01,4.52e-01,
1390,-6.11e+00,1.16e-01,2.72e-01,4.52e-01,
1391,-6.11e+00,1.16e-01,2.72e-01,4.52e-01,
1392,-6.11e+00,1.16e-01,2.72e-01,4.68e-01,
1393,-6.11e+00,1.16e-01,2.72e-01,4.68e-01,
1394,-6.11e+00,1.16e-01,2.80e-01,4.68e-01,
1395,-6.10e+00,1.24e-01,2.72e-01,4.68e-01,
1396,-6.10e+00,1.16e-01,2.80e-01,4.68e-01,
1397,-6.10e+00,1.24e-01,2.80e-01,4.68e-01,
1398,-6.10e+00,1.24e-01,2.80e-01,4.76e-01,
1399,-6.10e+00,1.16e-01,2.80e-01,4.76e-01,
1400,-6.10e+00,1.16e-01,2.80e-01,4.76e-01,
1401,-6.09e+00,1.24e-01,2.80e-01,4.76e-01,
1402,-6.09e+00,1.24e-01,2.80e-01,4.76e-01,
1403,-6.09e+00,1.24e-01,2.80e-01,4.76e-01,
1404,-6.09e+00,1.24e-01,2.80e-01,4.76e-01,
1405,-6.09e+00,1.24e-01,2.80e-01,4.92e-01,
1406,-6.09e+00,1.24e-01,2.80e-01,4.92e-01,
1407,-6.08e+00,1.24e-01,2.80e-01,4.92e-01,
1408,-6.08e+00,1.24e-01,2.80e-01,4.92e-01,
1409,-6.08e+00,1.24e-01,2.80e-01,4.92e-01,
1410,-6.08e+00,1.24e-01,2.80e-01,4.92e-01,
1411,-6.08e+00,1.24e-01,2.80e-01,4.92e-01,
1412,-6.08e+00,1.24e-01,2.96e-01,5.00e-01,
1413,-6.06e+00,1.24e-01,2.80e-01,4.92e-01,
1414,-6.06e+00,1.24e-01,2.96e-01,4.92e-01,
1415,-6.06e+00,1.24e-01,2.96e-01,5.00e-01,
1416,-6.06e+00,1.24e-01,2.96e-01,5.00e-01,
1417,-6.06e+00,1.24e-01,2.96e-01,5.00e-01,
1418,-6.06e+00,1.24e-01,2.80e-01,5.00e-01,
1419,-6.06e+00,1.24e-01,2.96e-01,5.00e-01,
1420,-6.06e+00,1.24e-01,2.96e-01,5.00e-01,
1421,-6.06e+00,1.24e-01,2.96e-01,5.00e-01,
1422,-6.06e+00,1.24e-01,2.96e-01,5.00e-01,
1423,-6.04e+00,1.24e-01,2.96e-01,5.00e-01,
1424,-6.06e+00,1.24e-01,2.96e-01,5.00e-01,
1425,-6.04e+00,1.24e-01,2.96e-01,5.00e-01,
1426,-6.04e+00,1.24e-01,2.96e-01,5.00e-01,
1427,-6.04e+00,1.24e-01,2.96e-01,5.16e-01,
1428,-6.04e+00,1.24e-01,2.96e-01,5.16e-01,
1429,-6.03e+00,1.24e-01,2.96e-01,5.00e-01,
1430,-6.03e+00,1.24e-01,2.96e-01,5.00e-01,
1431,-6.03e+00,1.24e-01,2.96e-01,5.16e-01,
1432,-6.03e+00,1.24e-01,2.96e-01,5.00e-01,
1433,-6.03e+00,1.24e-01,2.96e-01,5.16e-01,
1434,-6.03e+00,1.24e-01,2.96e-01,5.16e-01,
1435,-6.03e+00,1.24e-01,2.96e-01,5.16e-01,
1436,-6.03e+00,1.24e-01,2.96e-01,5.16e-01,
1437,-6.02e+00,1.24e-01,2.96e-01,5.16e-01,
1438,-6.02e+00,1.24e-01,2.96e-01,5.16e-01,
1439,-6.02e+00,1.24e-01,2.96e-01,5.00e-01,
1440,-6.02e+00,1.24e-01,2.96e-01,5.16e-01,
1441,-6.02e+00,1.24e-01,2.96e-01,5.00e-01,
1442,-6.01e+00,1.24e-01,2.96e-01,5.16e-01,
1443,-6.01e+00,1.24e-01,2.96e-01,5.16e-01,
1444,-6.01e+00,1.24e-01,2.96e-01,5.16e-01,
1445,-6.01e+00,1.24e-01,2.96e-01,5.00e-01,
1446,-6.01e+00,1.24e-01,2.96e-01,5.16e-01,
1447,-6.01e+00,1.24e-01,2.96e-01,5.00e-01,
1448,-5.99e+00,1.24e-01,2.96e-01,5.00e-01,
1449,-5.99e+00,1.16e-01,2.96e-01,5.00e-01,
1450,-5.99e+00,1.16e-01,2.96e-01,5.00e-01,
1451,-5.98e+00,1.24e-01,2.80e-01,5.00e-01,
1452,-5.99e+00,1.16e-01,2.96e-01,5.00e-01,
1453,-5.99e+00,1.24e-01,2.80e-01,5.00e-01,
1454,-5.99e+00,1.16e-01,2.80e-01,5.00e-01,
1455,-5.98e+00,1.16e-01,2.96e-01,5.00e-01,
1456,-5.98e+00,1.24e-01,2.80e-01,5.00e-01,
1457,-5.98e+00,1.16e-01,2.80e-01,5.00e-01,
1458,-5.98e+00,1.16e-01,2.80e-01,5.00e-01,
1459,-5.98e+00,1.24e-01,2.80e-01,5.00e-01,
1460,-5.97e+00,1.16e-01,2.80e-01,4.92e-01,
1461,-5.97e+00,1.16e-01,2.80e-01,4.92e-01,
1462,-5.97e+00,1.16e-01,2.80e-01,4.92e-01,
1463,-5.97e+00,1.16e-01,2.80e-01,4.92e-01,
1464,-5.97e+00,1.16e-01,2.80e-01,4.92e-01,
1465,-5.97e+00,1.16e-01,2.80e-01,4.92e-01,
1466,-5.97e+00,1.16e-01,2.80e-01,4.92e-01,
1467,-5.96e+00,1.16e-01,2.80e-01,4.92e-01,
1468,-5.96e+00,1.16e-01,2.72e-01,4.76e-01,
1469,-5.96e+00,1.16e-01,2.72e-01,4.92e-01,
1470,-5.96e+00,1.16e-01,2.72e-01,4.76e-01,
1471,-5.96e+00,1.16e-01,2.72e-01,4.92e-01,
1472,-5.96e+00,1.16e-01,2.72e-01,4.76e-01,
1473,-5.94e+00,1.16e-01,2.72e-01,4.76e-01,
1474,-5.96e+00,1.16e-01,2.72e-01,4.76e-01,
1475,-5.94e+00,1.16e-01,2.72e-01,4.68e-01,
1476,-5.94e+00,1.16e-01,2.72e-01,4.68e-01,
1477,-5.94e+00,1.16e-01,2.72e-01,4.68e-01,
1478,-5.94e+00,1.16e-01,2.56e-01,4.68e-01,
1479,-5.94e+00,1.16e-01,2.56e-01,4.68e-01,
1480,-5.94e+00,1.00e-01,2.56e-01,4.68e-01,
1481,-5.94e+00,1.00e-01,2.56e-01,4.52e-01,
1482,-5.94e+00,1.00e-01,2.56e-01,4.52e-01,
1483,-5.94e+00,1.00e-01,2.56e-01,4.52e-01,
1484,-5.94e+00,1.00e-01,2.56e-01,4.52e-01,
1485,-5.94e+00,1.00e-01,2.56e-01,4.52e-01,
1486,-5.94e+00,1.00e-01,2.56e-01,4.52e-01,
1487,-5.92e+00,1.00e-01,2.48e-01,4.44e-01,
1488,-5.92e+00,1.00e-01,2.56e-01,4.44e-01,
1489,-5.92e+00,1.00e-01,2.48e-01,4.44e-01,
1490,-5.92e+00,1.00e-01,2.48e-01,4.44e-01,
1491,-5.92e+00,1.00e-01,2.48e-01,4.44e-01,
1492,-5.92e+00,1.00e-01,2.48e-01,4.28e-01,
1493,-5.92e+00,1.00e-01,2.48e-01,4.28e-01,
1494,-5.92e+00,8.40e-02,2.48e-01,4.28e-01,
1495,-5.91e+00,1.00e-01,2.32e-01,4.28e-01,
1496,-5.92e+00,8.40e-02,2.32e-01,4.20e-01,
1497,-5.91e+00,1.00e-01,2.32e-01,4.20e-01,
1498,-5.91e+00,8.40e-02,2.32e-01,4.20e-01,
1499,-5.91e+00,8.40e-02,2.32e-01,4.20e-01,
