X,CH1,Start,Increment,
Sequence,Volt,-1.196000e-05,4.000000e-09
0,-3.00e-02,
1,-3.00e-02,
2,-3.00e-02,
3,-3.00e-02,
4,-3.00e-02,
5,-3.00e-02,
6,-3.00e-02,
7,-3.00e-02,
8,-3.00e-02,
9,-3.00e-02,
10,-3.00e-02,
11,-3.00e-02,
12,-3.00e-02,
13,-3.00e-02,
14,-3.00e-02,
15,-3.00e-02,
16,-3.00e-02,
17,-3.00e-02,
18,-3.00e-02,
19,-1.00e-02,
20,-3.00e-02,
21,-3.00e-02,
22,-3.00e-02,
23,-3.00e-02,
24,-3.00e-02,
25,-3.00e-02,
26,-3.00e-02,
27,-3.00e-02,
28,-3.00e-02,
29,-3.00e-02,
30,-3.00e-02,
31,-3.00e-02,
32,-3.00e-02,
33,-3.00e-02,
34,-3.00e-02,
35,-3.00e-02,
36,-3.00e-02,
37,-3.00e-02,
38,-3.00e-02,
39,-3.00e-02,
40,-3.00e-02,
41,-3.00e-02,
42,-3.00e-02,
43,-3.00e-02,
44,-3.00e-02,
45,-3.00e-02,
46,-3.00e-02,
47,-3.00e-02,
48,-3.00e-02,
49,-3.00e-02,
50,-3.00e-02,
51,-3.00e-02,
52,-3.00e-02,
53,-3.00e-02,
54,-3.00e-02,
55,-3.00e-02,
56,-3.00e-02,
57,-3.00e-02,
58,-3.00e-02,
59,-3.00e-02,
60,-3.00e-02,
61,-3.00e-02,
62,-3.00e-02,
63,-3.00e-02,
64,-3.00e-02,
65,-3.00e-02,
66,-3.00e-02,
67,-3.00e-02,
68,-3.00e-02,
69,-3.00e-02,
70,-3.00e-02,
71,-3.00e-02,
72,-3.00e-02,
73,-3.00e-02,
74,-3.00e-02,
75,-3.00e-02,
76,-3.00e-02,
77,-3.00e-02,
78,-3.00e-02,
79,-3.00e-02,
80,-3.00e-02,
81,-3.00e-02,
82,-3.00e-02,
83,-3.00e-02,
84,-3.00e-02,
85,-3.00e-02,
86,-3.00e-02,
87,-3.00e-02,
88,-3.00e-02,
89,-3.00e-02,
90,-3.00e-02,
91,-3.00e-02,
92,-3.00e-02,
93,-3.00e-02,
94,-3.00e-02,
95,-3.00e-02,
96,-3.00e-02,
97,-3.00e-02,
98,-3.00e-02,
99,-3.00e-02,
100,-3.00e-02,
101,-3.00e-02,
102,-3.00e-02,
103,-3.00e-02,
104,-3.00e-02,
105,-3.00e-02,
106,-3.00e-02,
107,-3.00e-02,
108,-3.00e-02,
109,-3.00e-02,
110,-3.00e-02,
111,-3.00e-02,
112,-3.00e-02,
113,-3.00e-02,
114,-3.00e-02,
115,-3.00e-02,
116,-3.00e-02,
117,-3.00e-02,
118,-3.00e-02,
119,-3.00e-02,
120,-3.00e-02,
121,-3.00e-02,
122,-3.00e-02,
123,-3.00e-02,
124,-3.00e-02,
125,-3.00e-02,
126,-3.00e-02,
127,-3.00e-02,
128,-3.00e-02,
129,-3.00e-02,
130,-3.00e-02,
131,-3.00e-02,
132,-3.00e-02,
133,-3.00e-02,
134,-3.00e-02,
135,-3.00e-02,
136,-3.00e-02,
137,-3.00e-02,
138,-3.00e-02,
139,-3.00e-02,
140,-3.00e-02,
141,-3.00e-02,
142,-3.00e-02,
143,-3.00e-02,
144,-3.00e-02,
145,-3.00e-02,
146,-3.00e-02,
147,-3.00e-02,
148,-3.00e-02,
149,-3.00e-02,
150,-3.00e-02,
151,-3.00e-02,
152,-3.00e-02,
153,-3.00e-02,
154,-3.00e-02,
155,-3.00e-02,
156,-3.00e-02,
157,-3.00e-02,
158,-3.00e-02,
159,-3.00e-02,
160,-3.00e-02,
161,-3.00e-02,
162,-3.00e-02,
163,-3.00e-02,
164,-3.00e-02,
165,-3.00e-02,
166,-3.00e-02,
167,-3.00e-02,
168,-3.00e-02,
169,-3.00e-02,
170,-3.00e-02,
171,-3.00e-02,
172,-3.00e-02,
173,-3.00e-02,
174,-3.00e-02,
175,-3.00e-02,
176,-3.00e-02,
177,-3.00e-02,
178,-3.00e-02,
179,-3.00e-02,
180,-3.00e-02,
181,-3.00e-02,
182,-3.00e-02,
183,-3.00e-02,
184,-3.00e-02,
185,-3.00e-02,
186,-3.00e-02,
187,-3.00e-02,
188,-3.00e-02,
189,-3.00e-02,
190,-3.00e-02,
191,-3.00e-02,
192,-3.00e-02,
193,-3.00e-02,
194,-3.00e-02,
195,-3.00e-02,
196,-3.00e-02,
197,-3.00e-02,
198,-3.00e-02,
199,-3.00e-02,
200,-3.00e-02,
201,-3.00e-02,
202,-3.00e-02,
203,-3.00e-02,
204,-3.00e-02,
205,-3.00e-02,
206,-3.00e-02,
207,-3.00e-02,
208,-3.00e-02,
209,-3.00e-02,
210,-3.00e-02,
211,-3.00e-02,
212,-3.00e-02,
213,-3.00e-02,
214,-3.00e-02,
215,-3.00e-02,
216,-3.00e-02,
217,-3.00e-02,
218,-3.00e-02,
219,-3.00e-02,
220,-3.00e-02,
221,-3.00e-02,
222,-3.00e-02,
223,-3.00e-02,
224,-3.00e-02,
225,-3.00e-02,
226,-3.00e-02,
227,-3.00e-02,
228,-3.00e-02,
229,-3.00e-02,
230,-3.00e-02,
231,-3.00e-02,
232,-3.00e-02,
233,-3.00e-02,
234,-3.00e-02,
235,-3.00e-02,
236,-3.00e-02,
237,-3.00e-02,
238,-3.00e-02,
239,-3.00e-02,
240,-3.00e-02,
241,-3.00e-02,
242,-3.00e-02,
243,-3.00e-02,
244,-3.00e-02,
245,-3.00e-02,
246,-3.00e-02,
247,-3.00e-02,
248,-3.00e-02,
249,-3.00e-02,
250,-3.00e-02,
251,-3.00e-02,
252,-3.00e-02,
253,-3.00e-02,
254,-3.00e-02,
255,-3.00e-02,
256,-3.00e-02,
257,-3.00e-02,
258,-3.00e-02,
259,-3.00e-02,
260,-3.00e-02,
261,-3.00e-02,
262,-3.00e-02,
263,-3.00e-02,
264,-3.00e-02,
265,-3.00e-02,
266,-3.00e-02,
267,-3.00e-02,
268,-3.00e-02,
269,-3.00e-02,
270,-3.00e-02,
271,-3.00e-02,
272,-3.00e-02,
273,-3.00e-02,
274,-3.00e-02,
275,-3.00e-02,
276,-3.00e-02,
277,-3.00e-02,
278,-3.00e-02,
279,-3.00e-02,
280,-3.00e-02,
281,-3.00e-02,
282,-3.00e-02,
283,-3.00e-02,
284,-3.00e-02,
285,-3.00e-02,
286,-3.00e-02,
287,-3.00e-02,
288,-3.00e-02,
289,-3.00e-02,
290,-3.00e-02,
291,-3.00e-02,
292,-3.00e-02,
293,-3.00e-02,
294,-3.00e-02,
295,-3.00e-02,
296,-3.00e-02,
297,-3.00e-02,
298,-3.00e-02,
299,-3.00e-02,
300,-3.00e-02,
301,-3.00e-02,
302,-3.00e-02,
303,-3.00e-02,
304,-3.00e-02,
305,-3.00e-02,
306,-3.00e-02,
307,-3.00e-02,
308,-3.00e-02,
309,-3.00e-02,
310,-3.00e-02,
311,-3.00e-02,
312,-3.00e-02,
313,-3.00e-02,
314,-3.00e-02,
315,-3.00e-02,
316,-3.00e-02,
317,-3.00e-02,
318,-3.00e-02,
319,-3.00e-02,
320,-3.00e-02,
321,-3.00e-02,
322,-3.00e-02,
323,-3.00e-02,
324,-3.00e-02,
325,-3.00e-02,
326,-3.00e-02,
327,-3.00e-02,
328,-3.00e-02,
329,-3.00e-02,
330,-3.00e-02,
331,-3.00e-02,
332,-3.00e-02,
333,-3.00e-02,
334,-3.00e-02,
335,-3.00e-02,
336,-3.00e-02,
337,-3.00e-02,
338,-3.00e-02,
339,-3.00e-02,
340,-3.00e-02,
341,-3.00e-02,
342,-3.00e-02,
343,-3.00e-02,
344,-3.00e-02,
345,-3.00e-02,
346,-3.00e-02,
347,-3.00e-02,
348,-3.00e-02,
349,-3.00e-02,
350,-3.00e-02,
351,-3.00e-02,
352,-3.00e-02,
353,-3.00e-02,
354,-3.00e-02,
355,-3.00e-02,
356,-3.00e-02,
357,-3.00e-02,
358,-3.00e-02,
359,-3.00e-02,
360,-3.00e-02,
361,-3.00e-02,
362,-3.00e-02,
363,-3.00e-02,
364,-3.00e-02,
365,-3.00e-02,
366,-3.00e-02,
367,-3.00e-02,
368,-3.00e-02,
369,-3.00e-02,
370,-3.00e-02,
371,-3.00e-02,
372,-3.00e-02,
373,-3.00e-02,
374,-3.00e-02,
375,-3.00e-02,
376,-3.00e-02,
377,-3.00e-02,
378,-3.00e-02,
379,-3.00e-02,
380,-3.00e-02,
381,-3.00e-02,
382,-3.00e-02,
383,-3.00e-02,
384,-3.00e-02,
385,-3.00e-02,
386,-3.00e-02,
387,-3.00e-02,
388,-3.00e-02,
389,-3.00e-02,
390,-3.00e-02,
391,-3.00e-02,
392,-3.00e-02,
393,-3.00e-02,
394,-3.00e-02,
395,-3.00e-02,
396,-3.00e-02,
397,-3.00e-02,
398,-3.00e-02,
399,-3.00e-02,
400,-3.00e-02,
401,-3.00e-02,
402,-3.00e-02,
403,-3.00e-02,
404,-3.00e-02,
405,-3.00e-02,
406,-3.00e-02,
407,-3.00e-02,
408,-3.00e-02,
409,-3.00e-02,
410,-3.00e-02,
411,-3.00e-02,
412,-3.00e-02,
413,-3.00e-02,
414,-3.00e-02,
415,-3.00e-02,
416,-3.00e-02,
417,-3.00e-02,
418,-3.00e-02,
419,-3.00e-02,
420,-3.00e-02,
421,-3.00e-02,
422,-3.00e-02,
423,-3.00e-02,
424,-3.00e-02,
425,-3.00e-02,
426,-3.00e-02,
427,-3.00e-02,
428,-3.00e-02,
429,-3.00e-02,
430,-3.00e-02,
431,-3.00e-02,
432,-3.00e-02,
433,-3.00e-02,
434,-3.00e-02,
435,-3.00e-02,
436,-3.00e-02,
437,-3.00e-02,
438,-3.00e-02,
439,-3.00e-02,
440,-3.00e-02,
441,-3.00e-02,
442,-3.00e-02,
443,-3.00e-02,
444,-3.00e-02,
445,-3.00e-02,
446,-3.00e-02,
447,-3.00e-02,
448,-3.00e-02,
449,-3.00e-02,
450,-3.00e-02,
451,-3.00e-02,
452,-3.00e-02,
453,-3.00e-02,
454,-3.00e-02,
455,-3.00e-02,
456,-3.00e-02,
457,-3.00e-02,
458,-3.00e-02,
459,-3.00e-02,
460,-3.00e-02,
461,-3.00e-02,
462,-3.00e-02,
463,-3.00e-02,
464,-3.00e-02,
465,-3.00e-02,
466,-3.00e-02,
467,-3.00e-02,
468,-3.00e-02,
469,-3.00e-02,
470,-3.00e-02,
471,-3.00e-02,
472,-3.00e-02,
473,-3.00e-02,
474,-3.00e-02,
475,-3.00e-02,
476,-3.00e-02,
477,-3.00e-02,
478,-3.00e-02,
479,-3.00e-02,
480,-3.00e-02,
481,-3.00e-02,
482,-3.00e-02,
483,-3.00e-02,
484,-3.00e-02,
485,-3.00e-02,
486,-3.00e-02,
487,-3.00e-02,
488,-3.00e-02,
489,-3.00e-02,
490,-3.00e-02,
491,-3.00e-02,
492,-3.00e-02,
493,-3.00e-02,
494,-3.00e-02,
495,-3.00e-02,
496,-3.00e-02,
497,-3.00e-02,
498,-3.00e-02,
499,-3.00e-02,
500,-3.00e-02,
501,-3.00e-02,
502,-3.00e-02,
503,-3.00e-02,
504,-3.00e-02,
505,-3.00e-02,
506,-3.00e-02,
507,-3.00e-02,
508,-3.00e-02,
509,-3.00e-02,
510,-3.00e-02,
511,-3.00e-02,
512,-3.00e-02,
513,-3.00e-02,
514,-3.00e-02,
515,-3.00e-02,
516,-3.00e-02,
517,-3.00e-02,
518,-3.00e-02,
519,-3.00e-02,
520,-3.00e-02,
521,-3.00e-02,
522,-3.00e-02,
523,-3.00e-02,
524,-3.00e-02,
525,-3.00e-02,
526,-3.00e-02,
527,-3.00e-02,
528,-3.00e-02,
529,-1.00e-02,
530,-3.00e-02,
531,-3.00e-02,
532,-3.00e-02,
533,-3.00e-02,
534,-3.00e-02,
535,-3.00e-02,
536,-3.00e-02,
537,-3.00e-02,
538,-3.00e-02,
539,-3.00e-02,
540,-3.00e-02,
541,-3.00e-02,
542,-3.00e-02,
543,-3.00e-02,
544,-3.00e-02,
545,-3.00e-02,
546,-3.00e-02,
547,-1.00e-02,
548,-3.00e-02,
549,-1.00e-02,
550,-3.00e-02,
551,-3.00e-02,
552,-3.00e-02,
553,-3.00e-02,
554,-3.00e-02,
555,-1.00e-02,
556,-3.00e-02,
557,-3.00e-02,
558,-3.00e-02,
559,-3.00e-02,
560,-3.00e-02,
561,-1.00e-02,
562,-3.00e-02,
563,-1.00e-02,
564,-3.00e-02,
565,-3.00e-02,
566,-3.00e-02,
567,-1.00e-02,
568,-3.00e-02,
569,-3.00e-02,
570,-3.00e-02,
571,-3.00e-02,
572,-3.00e-02,
573,-3.00e-02,
574,-3.00e-02,
575,-3.00e-02,
576,-3.00e-02,
577,-3.00e-02,
578,-3.00e-02,
579,-3.00e-02,
580,-3.00e-02,
581,-3.00e-02,
582,-3.00e-02,
583,-3.00e-02,
584,-3.00e-02,
585,-1.00e-02,
586,-3.00e-02,
587,-3.00e-02,
588,-3.00e-02,
589,-3.00e-02,
590,-3.00e-02,
591,-3.00e-02,
592,-3.00e-02,
593,-3.00e-02,
594,-3.00e-02,
595,-3.00e-02,
596,-3.00e-02,
597,-3.00e-02,
598,-3.00e-02,
599,-3.00e-02,
600,-3.00e-02,
601,-3.00e-02,
602,-3.00e-02,
603,-3.00e-02,
604,-3.00e-02,
605,-3.00e-02,
606,-3.00e-02,
607,-3.00e-02,
608,-3.00e-02,
609,-3.00e-02,
610,-3.00e-02,
611,-3.00e-02,
612,-3.00e-02,
613,-3.00e-02,
614,-3.00e-02,
615,-3.00e-02,
616,-3.00e-02,
617,-3.00e-02,
618,-3.00e-02,
619,-3.00e-02,
620,-3.00e-02,
621,-3.00e-02,
622,-3.00e-02,
623,-3.00e-02,
624,-3.00e-02,
625,-3.00e-02,
626,-3.00e-02,
627,-3.00e-02,
628,-3.00e-02,
629,-3.00e-02,
630,-3.00e-02,
631,-3.00e-02,
632,-3.00e-02,
633,-3.00e-02,
634,-3.00e-02,
635,-3.00e-02,
636,-3.00e-02,
637,-3.00e-02,
638,-3.00e-02,
639,-3.00e-02,
640,-3.00e-02,
641,-3.00e-02,
642,-3.00e-02,
643,-3.00e-02,
644,-3.00e-02,
645,-3.00e-02,
646,-3.00e-02,
647,-3.00e-02,
648,-3.00e-02,
649,-3.00e-02,
650,-3.00e-02,
651,-3.00e-02,
652,-3.00e-02,
653,-3.00e-02,
654,-3.00e-02,
655,-3.00e-02,
656,-3.00e-02,
657,-3.00e-02,
658,-3.00e-02,
659,-3.00e-02,
660,-3.00e-02,
661,-3.00e-02,
662,-3.00e-02,
663,-3.00e-02,
664,-3.00e-02,
665,-3.00e-02,
666,-3.00e-02,
667,-3.00e-02,
668,-3.00e-02,
669,-3.00e-02,
670,-3.00e-02,
671,-3.00e-02,
672,-3.00e-02,
673,-3.00e-02,
674,-3.00e-02,
675,-3.00e-02,
676,-3.00e-02,
677,-3.00e-02,
678,-3.00e-02,
679,-3.00e-02,
680,-3.00e-02,
681,-3.00e-02,
682,-3.00e-02,
683,-3.00e-02,
684,-3.00e-02,
685,-3.00e-02,
686,-3.00e-02,
687,-3.00e-02,
688,-3.00e-02,
689,-3.00e-02,
690,-3.00e-02,
691,-3.00e-02,
692,-3.00e-02,
693,-3.00e-02,
694,-3.00e-02,
695,-3.00e-02,
696,-3.00e-02,
697,-3.00e-02,
698,-3.00e-02,
699,-3.00e-02,
700,-3.00e-02,
701,-3.00e-02,
702,-3.00e-02,
703,-3.00e-02,
704,-3.00e-02,
705,-3.00e-02,
706,-3.00e-02,
707,-3.00e-02,
708,-3.00e-02,
709,-3.00e-02,
710,-3.00e-02,
711,-3.00e-02,
712,-3.00e-02,
713,-3.00e-02,
714,-3.00e-02,
715,-3.00e-02,
716,-3.00e-02,
717,-3.00e-02,
718,-3.00e-02,
719,-3.00e-02,
720,-3.00e-02,
721,-1.00e-02,
722,-3.00e-02,
723,-3.00e-02,
724,-3.00e-02,
725,-3.00e-02,
726,-3.00e-02,
727,-3.00e-02,
728,-3.00e-02,
729,-1.00e-02,
730,-3.00e-02,
731,-1.00e-02,
732,-3.00e-02,
733,-3.00e-02,
734,-3.00e-02,
735,-1.00e-02,
736,-1.00e-02,
737,-3.00e-02,
738,-3.00e-02,
739,-1.00e-02,
740,-3.00e-02,
741,-1.00e-02,
742,-3.00e-02,
743,-3.00e-02,
744,-3.00e-02,
745,-1.00e-02,
746,-1.00e-02,
747,-1.00e-02,
748,-3.00e-02,
749,-3.00e-02,
750,-3.00e-02,
751,-1.00e-02,
752,-3.00e-02,
753,-1.00e-02,
754,-1.00e-02,
755,-1.00e-02,
756,-3.00e-02,
757,-1.00e-02,
758,-1.00e-02,
759,-1.00e-02,
760,-3.00e-02,
761,-1.00e-02,
762,-3.00e-02,
763,-1.00e-02,
764,-3.00e-02,
765,-1.00e-02,
766,-3.00e-02,
767,-1.00e-02,
768,-3.00e-02,
769,-3.00e-02,
770,-3.00e-02,
771,-3.00e-02,
772,-3.00e-02,
773,-1.00e-02,
774,-3.00e-02,
775,-1.00e-02,
776,-3.00e-02,
777,-3.00e-02,
778,-3.00e-02,
779,-3.00e-02,
780,-3.00e-02,
781,-3.00e-02,
782,-3.00e-02,
783,-3.00e-02,
784,-3.00e-02,
785,-1.00e-02,
786,-3.00e-02,
787,-3.00e-02,
788,-3.00e-02,
789,-3.00e-02,
790,-3.00e-02,
791,-3.00e-02,
792,-3.00e-02,
793,-3.00e-02,
794,-3.00e-02,
795,-3.00e-02,
796,-3.00e-02,
797,-3.00e-02,
798,-3.00e-02,
799,-3.00e-02,
800,-3.00e-02,
801,-3.00e-02,
802,-3.00e-02,
803,-3.00e-02,
804,-3.00e-02,
805,-3.00e-02,
806,-3.00e-02,
807,-3.00e-02,
808,-3.00e-02,
809,-3.00e-02,
810,-3.00e-02,
811,-3.00e-02,
812,-3.00e-02,
813,-3.00e-02,
814,-3.00e-02,
815,-3.00e-02,
816,-3.00e-02,
817,-3.00e-02,
818,-3.00e-02,
819,-3.00e-02,
820,-3.00e-02,
821,-3.00e-02,
822,-3.00e-02,
823,-3.00e-02,
824,-3.00e-02,
825,-3.00e-02,
826,-3.00e-02,
827,-3.00e-02,
828,-3.00e-02,
829,-3.00e-02,
830,-3.00e-02,
831,-3.00e-02,
832,-3.00e-02,
833,-3.00e-02,
834,-3.00e-02,
835,-3.00e-02,
836,-3.00e-02,
837,-3.00e-02,
838,-3.00e-02,
839,-3.00e-02,
840,-3.00e-02,
841,-3.00e-02,
842,-3.00e-02,
843,-3.00e-02,
844,-3.00e-02,
845,-3.00e-02,
846,-3.00e-02,
847,-3.00e-02,
848,-3.00e-02,
849,-3.00e-02,
850,-3.00e-02,
851,-3.00e-02,
852,-3.00e-02,
853,-3.00e-02,
854,-3.00e-02,
855,-3.00e-02,
856,-3.00e-02,
857,-3.00e-02,
858,-3.00e-02,
859,-3.00e-02,
860,-3.00e-02,
861,-3.00e-02,
862,-3.00e-02,
863,-3.00e-02,
864,-3.00e-02,
865,-3.00e-02,
866,-3.00e-02,
867,-3.00e-02,
868,-3.00e-02,
869,-3.00e-02,
870,-3.00e-02,
871,-3.00e-02,
872,-3.00e-02,
873,-3.00e-02,
874,-3.00e-02,
875,-3.00e-02,
876,-3.00e-02,
877,-3.00e-02,
878,-3.00e-02,
879,-3.00e-02,
880,-3.00e-02,
881,-3.00e-02,
882,-3.00e-02,
883,-3.00e-02,
884,-3.00e-02,
885,-3.00e-02,
886,-3.00e-02,
887,-3.00e-02,
888,-3.00e-02,
889,-3.00e-02,
890,-3.00e-02,
891,-3.00e-02,
892,-3.00e-02,
893,-3.00e-02,
894,-3.00e-02,
895,-3.00e-02,
896,-3.00e-02,
897,-3.00e-02,
898,-3.00e-02,
899,-3.00e-02,
900,-3.00e-02,
901,-3.00e-02,
902,-3.00e-02,
903,-3.00e-02,
904,-3.00e-02,
905,-3.00e-02,
906,-3.00e-02,
907,-3.00e-02,
908,-3.00e-02,
909,-3.00e-02,
910,-3.00e-02,
911,-3.00e-02,
912,-3.00e-02,
913,-3.00e-02,
914,-3.00e-02,
915,-3.00e-02,
916,-3.00e-02,
917,-3.00e-02,
918,-3.00e-02,
919,-3.00e-02,
920,-3.00e-02,
921,-3.00e-02,
922,-3.00e-02,
923,-1.00e-02,
924,-3.00e-02,
925,-3.00e-02,
926,-3.00e-02,
927,-3.00e-02,
928,-3.00e-02,
929,-3.00e-02,
930,-3.00e-02,
931,-1.00e-02,
932,-3.00e-02,
933,-1.00e-02,
934,-3.00e-02,
935,-1.00e-02,
936,-3.00e-02,
937,-3.00e-02,
938,-1.00e-02,
939,-1.00e-02,
940,-3.00e-02,
941,-3.00e-02,
942,-1.00e-02,
943,-1.00e-02,
944,-3.00e-02,
945,-1.00e-02,
946,-3.00e-02,
947,-1.00e-02,
948,-1.00e-02,
949,-3.00e-02,
950,-1.00e-02,
951,-1.00e-02,
952,-3.00e-02,
953,-1.00e-02,
954,-1.00e-02,
955,-1.00e-02,
956,-3.00e-02,
957,-1.00e-02,
958,-3.00e-02,
959,-1.00e-02,
960,-3.00e-02,
961,-1.00e-02,
962,-3.00e-02,
963,-1.00e-02,
964,-1.00e-02,
965,-1.00e-02,
966,-1.00e-02,
967,-1.00e-02,
968,-3.00e-02,
969,-1.00e-02,
970,-1.00e-02,
971,-1.00e-02,
972,-3.00e-02,
973,-1.00e-02,
974,-1.00e-02,
975,-1.00e-02,
976,-3.00e-02,
977,-3.00e-02,
978,-1.00e-02,
979,-1.00e-02,
980,-3.00e-02,
981,-1.00e-02,
982,-3.00e-02,
983,-3.00e-02,
984,-3.00e-02,
985,-3.00e-02,
986,-3.00e-02,
987,-1.00e-02,
988,-3.00e-02,
989,-1.00e-02,
990,-3.00e-02,
991,-1.00e-02,
992,-3.00e-02,
993,-3.00e-02,
994,-3.00e-02,
995,-1.00e-02,
996,-3.00e-02,
997,-3.00e-02,
998,-3.00e-02,
999,-3.00e-02,
1000,-3.00e-02,
1001,-3.00e-02,
1002,-3.00e-02,
1003,-1.00e-02,
1004,-3.00e-02,
1005,-3.00e-02,
1006,-3.00e-02,
1007,-3.00e-02,
1008,-3.00e-02,
1009,-3.00e-02,
1010,-3.00e-02,
1011,-1.00e-02,
1012,-3.00e-02,
1013,-3.00e-02,
1014,-3.00e-02,
1015,-3.00e-02,
1016,-3.00e-02,
1017,-3.00e-02,
1018,-3.00e-02,
1019,-3.00e-02,
1020,-3.00e-02,
1021,-3.00e-02,
1022,-3.00e-02,
1023,-3.00e-02,
1024,-3.00e-02,
1025,-3.00e-02,
1026,-3.00e-02,
1027,-3.00e-02,
1028,-3.00e-02,
1029,-3.00e-02,
1030,-3.00e-02,
1031,-3.00e-02,
1032,-3.00e-02,
1033,-3.00e-02,
1034,-3.00e-02,
1035,-3.00e-02,
1036,-3.00e-02,
1037,-3.00e-02,
1038,-3.00e-02,
1039,-3.00e-02,
1040,-3.00e-02,
1041,-3.00e-02,
1042,-3.00e-02,
1043,-3.00e-02,
1044,-3.00e-02,
1045,-3.00e-02,
1046,-3.00e-02,
1047,-3.00e-02,
1048,-3.00e-02,
1049,-3.00e-02,
1050,-3.00e-02,
1051,-3.00e-02,
1052,-3.00e-02,
1053,-3.00e-02,
1054,-3.00e-02,
1055,-3.00e-02,
1056,-3.00e-02,
1057,-3.00e-02,
1058,-3.00e-02,
1059,-3.00e-02,
1060,-3.00e-02,
1061,-3.00e-02,
1062,-3.00e-02,
1063,-3.00e-02,
1064,-3.00e-02,
1065,-3.00e-02,
1066,-3.00e-02,
1067,-3.00e-02,
1068,-3.00e-02,
1069,-3.00e-02,
1070,-3.00e-02,
1071,-3.00e-02,
1072,-3.00e-02,
1073,-3.00e-02,
1074,-3.00e-02,
1075,-3.00e-02,
1076,-3.00e-02,
1077,-3.00e-02,
1078,-3.00e-02,
1079,-3.00e-02,
1080,-3.00e-02,
1081,-3.00e-02,
1082,-3.00e-02,
1083,-3.00e-02,
1084,-3.00e-02,
1085,-3.00e-02,
1086,-3.00e-02,
1087,-3.00e-02,
1088,-3.00e-02,
1089,-3.00e-02,
1090,-3.00e-02,
1091,-3.00e-02,
1092,-3.00e-02,
1093,-3.00e-02,
1094,-3.00e-02,
1095,-3.00e-02,
1096,-3.00e-02,
1097,-3.00e-02,
1098,-3.00e-02,
1099,-3.00e-02,
1100,-3.00e-02,
1101,-3.00e-02,
1102,-3.00e-02,
1103,-3.00e-02,
1104,-3.00e-02,
1105,-3.00e-02,
1106,-3.00e-02,
1107,-3.00e-02,
1108,-3.00e-02,
1109,-3.00e-02,
1110,-3.00e-02,
1111,-1.00e-02,
1112,-3.00e-02,
1113,-3.00e-02,
1114,-3.00e-02,
1115,-1.00e-02,
1116,-3.00e-02,
1117,-3.00e-02,
1118,-3.00e-02,
1119,-1.00e-02,
1120,-3.00e-02,
1121,-3.00e-02,
1122,-3.00e-02,
1123,-1.00e-02,
1124,-3.00e-02,
1125,-3.00e-02,
1126,-3.00e-02,
1127,-1.00e-02,
1128,-3.00e-02,
1129,-1.00e-02,
1130,-1.00e-02,
1131,-1.00e-02,
1132,-1.00e-02,
1133,-1.00e-02,
1134,-1.00e-02,
1135,-1.00e-02,
1136,-3.00e-02,
1137,-1.00e-02,
1138,-1.00e-02,
1139,-1.00e-02,
1140,-1.00e-02,
1141,-1.00e-02,
1142,-1.00e-02,
1143,-1.00e-02,
1144,-1.00e-02,
1145,-1.00e-02,
1146,-1.00e-02,
1147,-1.00e-02,
1148,-1.00e-02,
1149,-1.00e-02,
1150,-3.00e-02,
1151,-1.00e-02,
1152,-3.00e-02,
1153,-1.00e-02,
1154,-1.00e-02,
1155,-1.00e-02,
1156,-1.00e-02,
1157,-1.00e-02,
1158,-3.00e-02,
1159,-1.00e-02,
1160,-3.00e-02,
1161,-1.00e-02,
1162,-1.00e-02,
1163,-1.00e-02,
1164,-1.00e-02,
1165,-1.00e-02,
1166,-1.00e-02,
1167,-1.00e-02,
1168,-1.00e-02,
1169,-1.00e-02,
1170,-1.00e-02,
1171,-1.00e-02,
1172,-1.00e-02,
1173,-1.00e-02,
1174,-1.00e-02,
1175,-1.00e-02,
1176,-3.00e-02,
1177,-1.00e-02,
1178,-1.00e-02,
1179,-1.00e-02,
1180,-1.00e-02,
1181,-1.00e-02,
1182,1.00e-02,
1183,3.00e-02,
1184,1.00e-02,
1185,1.00e-02,
1186,1.00e-02,
1187,1.00e-02,
1188,3.00e-02,
1189,3.00e-02,
1190,1.00e-02,
1191,-1.00e-02,
1192,-1.00e-02,
1193,-1.00e-02,
1194,3.00e-02,
1195,1.30e-01,
1196,9.00e-02,
1197,1.00e-02,
1198,-2.10e-01,
1199,-1.70e-01,
1200,7.00e-02,
1201,1.90e-01,
1202,9.00e-02,
1203,-1.10e-01,
1204,-1.50e-01,
1205,-1.00e-02,
1206,1.30e-01,
1207,1.10e-01,
1208,-5.00e-02,
1209,-1.50e-01,
1210,-3.00e-02,
1211,9.00e-02,
1212,9.00e-02,
1213,-1.00e-02,
1214,-1.10e-01,
1215,-5.00e-02,
1216,7.00e-02,
1217,9.00e-02,
1218,-1.00e-02,
1219,-9.00e-02,
1220,-5.00e-02,
1221,3.00e-02,
1222,7.00e-02,
1223,1.00e-02,
1224,-5.00e-02,
1225,-5.00e-02,
1226,1.00e-02,
1227,7.00e-02,
1228,1.00e-02,
1229,-3.00e-02,
1230,-5.00e-02,
1231,1.00e-02,
1232,3.00e-02,
1233,3.00e-02,
1234,-3.00e-02,
1235,-3.00e-02,
1236,-1.00e-02,
1237,3.00e-02,
1238,3.00e-02,
1239,-1.00e-02,
1240,-3.00e-02,
1241,-1.00e-02,
1242,1.00e-02,
1243,3.00e-02,
1244,-1.00e-02,
1245,-3.00e-02,
1246,-1.00e-02,
1247,1.00e-02,
1248,1.00e-02,
1249,1.00e-02,
1250,-1.00e-02,
1251,-1.00e-02,
1252,1.00e-02,
1253,1.00e-02,
1254,1.00e-02,
1255,-1.00e-02,
1256,-1.00e-02,
1257,1.00e-02,
1258,1.00e-02,
1259,1.00e-02,
1260,-1.00e-02,
1261,-1.00e-02,
1262,-1.00e-02,
1263,1.00e-02,
1264,1.00e-02,
1265,-1.00e-02,
1266,-1.00e-02,
1267,1.00e-02,
1268,1.00e-02,
1269,1.00e-02,
1270,1.00e-02,
1271,-1.00e-02,
1272,-1.00e-02,
1273,1.00e-02,
1274,1.00e-02,
1275,1.00e-02,
1276,-1.00e-02,
1277,1.00e-02,
1278,1.00e-02,
1279,1.00e-02,
1280,1.00e-02,
1281,-1.00e-02,
1282,-1.00e-02,
1283,1.00e-02,
1284,1.00e-02,
1285,1.00e-02,
1286,1.00e-02,
1287,1.00e-02,
1288,1.00e-02,
1289,1.00e-02,
1290,1.00e-02,
1291,1.00e-02,
1292,1.00e-02,
1293,1.00e-02,
1294,1.00e-02,
1295,1.00e-02,
1296,1.00e-02,
1297,1.00e-02,
1298,1.00e-02,
1299,1.00e-02,
1300,1.00e-02,
1301,1.00e-02,
1302,1.00e-02,
1303,1.00e-02,
1304,1.00e-02,
1305,1.00e-02,
1306,1.00e-02,
1307,1.00e-02,
1308,1.00e-02,
1309,1.00e-02,
1310,1.00e-02,
1311,1.00e-02,
1312,1.00e-02,
1313,1.00e-02,
1314,1.00e-02,
1315,1.00e-02,
1316,1.00e-02,
1317,1.00e-02,
1318,1.00e-02,
1319,1.00e-02,
1320,1.00e-02,
1321,1.00e-02,
1322,1.00e-02,
1323,1.00e-02,
1324,1.00e-02,
1325,1.00e-02,
1326,1.00e-02,
1327,1.00e-02,
1328,1.00e-02,
1329,1.00e-02,
1330,1.00e-02,
1331,1.00e-02,
1332,1.00e-02,
1333,1.00e-02,
1334,1.00e-02,
1335,1.00e-02,
1336,1.00e-02,
1337,1.00e-02,
1338,1.00e-02,
1339,1.00e-02,
1340,1.00e-02,
1341,1.00e-02,
1342,1.00e-02,
1343,1.00e-02,
1344,1.00e-02,
1345,1.00e-02,
1346,1.00e-02,
1347,1.00e-02,
1348,1.00e-02,
1349,1.00e-02,
1350,1.00e-02,
1351,1.00e-02,
1352,1.00e-02,
1353,1.00e-02,
1354,1.00e-02,
1355,1.00e-02,
1356,1.00e-02,
1357,1.00e-02,
1358,1.00e-02,
1359,1.00e-02,
1360,1.00e-02,
1361,1.00e-02,
1362,1.00e-02,
1363,1.00e-02,
1364,1.00e-02,
1365,1.00e-02,
1366,1.00e-02,
1367,3.00e-02,
1368,1.00e-02,
1369,3.00e-02,
1370,1.00e-02,
1371,3.00e-02,
1372,1.00e-02,
1373,3.00e-02,
1374,3.00e-02,
1375,3.00e-02,
1376,3.00e-02,
1377,3.00e-02,
1378,3.00e-02,
1379,3.00e-02,
1380,3.00e-02,
1381,3.00e-02,
1382,3.00e-02,
1383,3.00e-02,
1384,3.00e-02,
1385,3.00e-02,
1386,3.00e-02,
1387,3.00e-02,
1388,3.00e-02,
1389,3.00e-02,
1390,3.00e-02,
1391,3.00e-02,
1392,3.00e-02,
1393,3.00e-02,
1394,3.00e-02,
1395,3.00e-02,
1396,3.00e-02,
1397,3.00e-02,
1398,3.00e-02,
1399,3.00e-02,
1400,3.00e-02,
1401,3.00e-02,
1402,3.00e-02,
1403,3.00e-02,
1404,3.00e-02,
1405,3.00e-02,
1406,3.00e-02,
1407,3.00e-02,
1408,3.00e-02,
1409,3.00e-02,
1410,3.00e-02,
1411,3.00e-02,
1412,3.00e-02,
1413,3.00e-02,
1414,3.00e-02,
1415,3.00e-02,
1416,3.00e-02,
1417,3.00e-02,
1418,3.00e-02,
1419,3.00e-02,
1420,3.00e-02,
1421,3.00e-02,
1422,3.00e-02,
1423,3.00e-02,
1424,3.00e-02,
1425,3.00e-02,
1426,3.00e-02,
1427,3.00e-02,
1428,3.00e-02,
1429,3.00e-02,
1430,3.00e-02,
1431,3.00e-02,
1432,3.00e-02,
1433,3.00e-02,
1434,3.00e-02,
1435,3.00e-02,
1436,3.00e-02,
1437,3.00e-02,
1438,3.00e-02,
1439,3.00e-02,
1440,3.00e-02,
1441,3.00e-02,
1442,3.00e-02,
1443,3.00e-02,
1444,3.00e-02,
1445,3.00e-02,
1446,3.00e-02,
1447,3.00e-02,
1448,3.00e-02,
1449,3.00e-02,
1450,3.00e-02,
1451,3.00e-02,
1452,3.00e-02,
1453,3.00e-02,
1454,3.00e-02,
1455,3.00e-02,
1456,3.00e-02,
1457,3.00e-02,
1458,3.00e-02,
1459,3.00e-02,
1460,3.00e-02,
1461,3.00e-02,
1462,3.00e-02,
1463,3.00e-02,
1464,3.00e-02,
1465,3.00e-02,
1466,3.00e-02,
1467,3.00e-02,
1468,3.00e-02,
1469,3.00e-02,
1470,3.00e-02,
1471,7.00e-02,
1472,3.00e-02,
1473,7.00e-02,
1474,3.00e-02,
1475,7.00e-02,
1476,7.00e-02,
1477,7.00e-02,
1478,7.00e-02,
1479,7.00e-02,
1480,7.00e-02,
1481,7.00e-02,
1482,7.00e-02,
1483,7.00e-02,
1484,7.00e-02,
1485,7.00e-02,
1486,7.00e-02,
1487,7.00e-02,
1488,7.00e-02,
1489,7.00e-02,
1490,7.00e-02,
1491,7.00e-02,
1492,7.00e-02,
1493,7.00e-02,
1494,7.00e-02,
1495,7.00e-02,
1496,7.00e-02,
1497,7.00e-02,
1498,7.00e-02,
1499,7.00e-02,
1500,7.00e-02,
1501,7.00e-02,
1502,7.00e-02,
1503,7.00e-02,
1504,7.00e-02,
1505,7.00e-02,
1506,7.00e-02,
1507,7.00e-02,
1508,7.00e-02,
1509,7.00e-02,
1510,7.00e-02,
1511,7.00e-02,
1512,7.00e-02,
1513,7.00e-02,
1514,7.00e-02,
1515,7.00e-02,
1516,7.00e-02,
1517,7.00e-02,
1518,7.00e-02,
1519,7.00e-02,
1520,7.00e-02,
1521,7.00e-02,
1522,7.00e-02,
1523,7.00e-02,
1524,7.00e-02,
1525,7.00e-02,
1526,7.00e-02,
1527,7.00e-02,
1528,7.00e-02,
1529,7.00e-02,
1530,7.00e-02,
1531,7.00e-02,
1532,7.00e-02,
1533,7.00e-02,
1534,7.00e-02,
1535,7.00e-02,
1536,7.00e-02,
1537,7.00e-02,
1538,7.00e-02,
1539,7.00e-02,
1540,7.00e-02,
1541,7.00e-02,
1542,7.00e-02,
1543,7.00e-02,
1544,7.00e-02,
1545,7.00e-02,
1546,7.00e-02,
1547,7.00e-02,
1548,7.00e-02,
1549,7.00e-02,
1550,7.00e-02,
1551,7.00e-02,
1552,7.00e-02,
1553,7.00e-02,
1554,7.00e-02,
1555,7.00e-02,
1556,7.00e-02,
1557,7.00e-02,
1558,7.00e-02,
1559,7.00e-02,
1560,7.00e-02,
1561,7.00e-02,
1562,7.00e-02,
1563,7.00e-02,
1564,7.00e-02,
1565,7.00e-02,
1566,7.00e-02,
1567,7.00e-02,
1568,7.00e-02,
1569,9.00e-02,
1570,7.00e-02,
1571,9.00e-02,
1572,7.00e-02,
1573,9.00e-02,
1574,7.00e-02,
1575,9.00e-02,
1576,7.00e-02,
1577,9.00e-02,
1578,7.00e-02,
1579,9.00e-02,
1580,7.00e-02,
1581,9.00e-02,
1582,7.00e-02,
1583,9.00e-02,
1584,9.00e-02,
1585,9.00e-02,
1586,9.00e-02,
1587,9.00e-02,
1588,9.00e-02,
1589,9.00e-02,
1590,9.00e-02,
1591,9.00e-02,
1592,9.00e-02,
1593,9.00e-02,
1594,9.00e-02,
1595,9.00e-02,
1596,9.00e-02,
1597,9.00e-02,
1598,9.00e-02,
1599,9.00e-02,
1600,9.00e-02,
1601,9.00e-02,
1602,9.00e-02,
1603,9.00e-02,
1604,9.00e-02,
1605,9.00e-02,
1606,9.00e-02,
1607,9.00e-02,
1608,9.00e-02,
1609,9.00e-02,
1610,9.00e-02,
1611,9.00e-02,
1612,9.00e-02,
1613,9.00e-02,
1614,9.00e-02,
1615,9.00e-02,
1616,9.00e-02,
1617,9.00e-02,
1618,9.00e-02,
1619,9.00e-02,
1620,9.00e-02,
1621,9.00e-02,
1622,9.00e-02,
1623,9.00e-02,
1624,9.00e-02,
1625,9.00e-02,
1626,9.00e-02,
1627,9.00e-02,
1628,9.00e-02,
1629,9.00e-02,
1630,9.00e-02,
1631,9.00e-02,
1632,9.00e-02,
1633,9.00e-02,
1634,9.00e-02,
1635,9.00e-02,
1636,9.00e-02,
1637,9.00e-02,
1638,9.00e-02,
1639,9.00e-02,
1640,9.00e-02,
1641,9.00e-02,
1642,9.00e-02,
1643,9.00e-02,
1644,9.00e-02,
1645,9.00e-02,
1646,9.00e-02,
1647,9.00e-02,
1648,9.00e-02,
1649,9.00e-02,
1650,9.00e-02,
1651,9.00e-02,
1652,9.00e-02,
1653,9.00e-02,
1654,9.00e-02,
1655,9.00e-02,
1656,9.00e-02,
1657,9.00e-02,
1658,9.00e-02,
1659,9.00e-02,
1660,9.00e-02,
1661,9.00e-02,
1662,9.00e-02,
1663,9.00e-02,
1664,9.00e-02,
1665,9.00e-02,
1666,9.00e-02,
1667,9.00e-02,
1668,9.00e-02,
1669,9.00e-02,
1670,9.00e-02,
1671,9.00e-02,
1672,9.00e-02,
1673,9.00e-02,
1674,9.00e-02,
1675,1.10e-01,
1676,9.00e-02,
1677,9.00e-02,
1678,9.00e-02,
1679,1.10e-01,
1680,9.00e-02,
1681,1.10e-01,
1682,1.10e-01,
1683,1.10e-01,
1684,1.10e-01,
1685,1.10e-01,
1686,1.10e-01,
1687,1.10e-01,
1688,1.10e-01,
1689,1.10e-01,
1690,1.10e-01,
1691,1.10e-01,
1692,1.10e-01,
1693,1.10e-01,
1694,1.10e-01,
1695,1.10e-01,
1696,1.10e-01,
1697,1.10e-01,
1698,1.10e-01,
1699,1.10e-01,
1700,1.10e-01,
1701,1.10e-01,
1702,1.10e-01,
1703,1.10e-01,
1704,1.10e-01,
1705,1.10e-01,
1706,1.10e-01,
1707,1.10e-01,
1708,1.10e-01,
1709,1.10e-01,
1710,1.10e-01,
1711,1.10e-01,
1712,1.10e-01,
1713,1.10e-01,
1714,1.10e-01,
1715,1.10e-01,
1716,1.10e-01,
1717,1.10e-01,
1718,1.10e-01,
1719,1.10e-01,
1720,1.10e-01,
1721,1.10e-01,
1722,1.10e-01,
1723,1.10e-01,
1724,1.10e-01,
1725,1.10e-01,
1726,1.10e-01,
1727,1.10e-01,
1728,1.10e-01,
1729,1.10e-01,
1730,1.10e-01,
1731,1.10e-01,
1732,1.10e-01,
1733,1.10e-01,
1734,1.10e-01,
1735,1.10e-01,
1736,1.10e-01,
1737,1.10e-01,
1738,1.10e-01,
1739,1.10e-01,
1740,1.10e-01,
1741,1.10e-01,
1742,1.10e-01,
1743,1.10e-01,
1744,1.10e-01,
1745,1.10e-01,
1746,1.10e-01,
1747,1.10e-01,
1748,1.10e-01,
1749,1.10e-01,
1750,1.10e-01,
1751,1.10e-01,
1752,1.10e-01,
1753,1.10e-01,
1754,1.10e-01,
1755,1.10e-01,
1756,1.10e-01,
1757,1.10e-01,
1758,1.10e-01,
1759,1.10e-01,
1760,1.10e-01,
1761,1.10e-01,
1762,1.10e-01,
1763,1.10e-01,
1764,1.10e-01,
1765,1.10e-01,
1766,1.10e-01,
1767,1.10e-01,
1768,1.10e-01,
1769,1.10e-01,
1770,1.10e-01,
1771,1.10e-01,
1772,1.10e-01,
1773,1.10e-01,
1774,1.10e-01,
1775,1.10e-01,
1776,1.10e-01,
1777,1.10e-01,
1778,1.10e-01,
1779,1.10e-01,
1780,1.10e-01,
1781,1.10e-01,
1782,1.10e-01,
1783,1.30e-01,
1784,1.10e-01,
1785,1.30e-01,
1786,1.30e-01,
1787,1.30e-01,
1788,1.10e-01,
1789,1.30e-01,
1790,1.30e-01,
1791,1.30e-01,
1792,1.30e-01,
1793,1.30e-01,
1794,1.30e-01,
1795,1.30e-01,
1796,1.30e-01,
1797,1.30e-01,
1798,1.30e-01,
1799,1.30e-01,
1800,1.30e-01,
1801,1.30e-01,
1802,1.30e-01,
1803,1.30e-01,
1804,1.30e-01,
1805,1.30e-01,
1806,1.30e-01,
1807,1.30e-01,
1808,1.30e-01,
1809,1.30e-01,
1810,1.30e-01,
1811,1.30e-01,
1812,1.30e-01,
1813,1.30e-01,
1814,1.30e-01,
1815,1.30e-01,
1816,1.30e-01,
1817,1.30e-01,
1818,1.30e-01,
1819,1.30e-01,
1820,1.30e-01,
1821,1.30e-01,
1822,1.30e-01,
1823,1.30e-01,
1824,1.30e-01,
1825,1.30e-01,
1826,1.30e-01,
1827,1.30e-01,
1828,1.30e-01,
1829,1.30e-01,
1830,1.30e-01,
1831,1.30e-01,
1832,1.30e-01,
1833,1.30e-01,
1834,1.30e-01,
1835,1.30e-01,
1836,1.30e-01,
1837,1.30e-01,
1838,1.30e-01,
1839,1.30e-01,
1840,1.30e-01,
1841,1.30e-01,
1842,1.30e-01,
1843,1.30e-01,
1844,1.30e-01,
1845,1.30e-01,
1846,1.30e-01,
1847,1.30e-01,
1848,1.30e-01,
1849,1.30e-01,
1850,1.30e-01,
1851,1.30e-01,
1852,1.30e-01,
1853,1.30e-01,
1854,1.30e-01,
1855,1.30e-01,
1856,1.30e-01,
1857,1.30e-01,
1858,1.30e-01,
1859,1.30e-01,
1860,1.30e-01,
1861,1.30e-01,
1862,1.30e-01,
1863,1.30e-01,
1864,1.30e-01,
1865,1.30e-01,
1866,1.30e-01,
1867,1.30e-01,
1868,1.30e-01,
1869,1.30e-01,
1870,1.30e-01,
1871,1.30e-01,
1872,1.30e-01,
1873,1.30e-01,
1874,1.30e-01,
1875,1.30e-01,
1876,1.30e-01,
1877,1.30e-01,
1878,1.30e-01,
1879,1.50e-01,
1880,1.30e-01,
1881,1.30e-01,
1882,1.30e-01,
1883,1.30e-01,
1884,1.30e-01,
1885,1.50e-01,
1886,1.30e-01,
1887,1.50e-01,
1888,1.30e-01,
1889,1.50e-01,
1890,1.50e-01,
1891,1.50e-01,
1892,1.50e-01,
1893,1.50e-01,
1894,1.50e-01,
1895,1.50e-01,
1896,1.50e-01,
1897,1.50e-01,
1898,1.50e-01,
1899,1.50e-01,
1900,1.50e-01,
1901,1.50e-01,
1902,1.50e-01,
1903,1.50e-01,
1904,1.50e-01,
1905,1.50e-01,
1906,1.50e-01,
1907,1.50e-01,
1908,1.50e-01,
1909,1.50e-01,
1910,1.50e-01,
1911,1.50e-01,
1912,1.50e-01,
1913,1.50e-01,
1914,1.50e-01,
1915,1.50e-01,
1916,1.50e-01,
1917,1.50e-01,
1918,1.50e-01,
1919,1.50e-01,
1920,1.50e-01,
1921,1.50e-01,
1922,1.50e-01,
1923,1.50e-01,
1924,1.50e-01,
1925,1.50e-01,
1926,1.50e-01,
1927,1.50e-01,
1928,1.50e-01,
1929,1.50e-01,
1930,1.50e-01,
1931,1.50e-01,
1932,1.50e-01,
1933,1.50e-01,
1934,1.50e-01,
1935,1.50e-01,
1936,1.50e-01,
1937,1.50e-01,
1938,1.50e-01,
1939,1.50e-01,
1940,1.50e-01,
1941,1.50e-01,
1942,1.50e-01,
1943,1.50e-01,
1944,1.50e-01,
1945,1.50e-01,
1946,1.50e-01,
1947,1.50e-01,
1948,1.50e-01,
1949,1.50e-01,
1950,1.50e-01,
1951,1.50e-01,
1952,1.50e-01,
1953,1.50e-01,
1954,1.50e-01,
1955,1.50e-01,
1956,1.50e-01,
1957,1.50e-01,
1958,1.50e-01,
1959,1.50e-01,
1960,1.50e-01,
1961,1.50e-01,
1962,1.50e-01,
1963,1.50e-01,
1964,1.50e-01,
1965,1.50e-01,
1966,1.50e-01,
1967,1.50e-01,
1968,1.50e-01,
1969,1.50e-01,
1970,1.50e-01,
1971,1.50e-01,
1972,1.50e-01,
1973,1.50e-01,
1974,1.50e-01,
1975,1.50e-01,
1976,1.50e-01,
1977,1.50e-01,
1978,1.50e-01,
1979,1.50e-01,
1980,1.50e-01,
1981,1.50e-01,
1982,1.50e-01,
1983,1.50e-01,
1984,1.50e-01,
1985,1.50e-01,
1986,1.50e-01,
1987,1.90e-01,
1988,1.50e-01,
1989,1.90e-01,
1990,1.90e-01,
1991,1.90e-01,
1992,1.50e-01,
1993,1.90e-01,
1994,1.90e-01,
1995,1.90e-01,
1996,1.50e-01,
1997,1.90e-01,
1998,1.90e-01,
1999,1.90e-01,
2000,1.90e-01,
2001,1.90e-01,
2002,1.90e-01,
2003,1.90e-01,
2004,1.90e-01,
2005,1.90e-01,
2006,1.90e-01,
2007,1.90e-01,
2008,1.90e-01,
2009,1.90e-01,
2010,1.90e-01,
2011,1.90e-01,
2012,1.90e-01,
2013,1.90e-01,
2014,1.90e-01,
2015,1.90e-01,
2016,1.90e-01,
2017,1.90e-01,
2018,1.90e-01,
2019,1.90e-01,
2020,1.90e-01,
2021,1.90e-01,
2022,1.90e-01,
2023,1.90e-01,
2024,1.90e-01,
2025,1.90e-01,
2026,1.90e-01,
2027,1.90e-01,
2028,1.90e-01,
2029,1.90e-01,
2030,1.90e-01,
2031,1.90e-01,
2032,1.90e-01,
2033,1.90e-01,
2034,1.90e-01,
2035,1.90e-01,
2036,1.90e-01,
2037,1.90e-01,
2038,1.90e-01,
2039,1.90e-01,
2040,1.90e-01,
2041,1.90e-01,
2042,1.90e-01,
2043,1.90e-01,
2044,1.90e-01,
2045,1.90e-01,
2046,1.90e-01,
2047,1.90e-01,
2048,1.90e-01,
2049,1.90e-01,
2050,1.90e-01,
2051,1.90e-01,
2052,1.90e-01,
2053,1.90e-01,
2054,1.90e-01,
2055,1.90e-01,
2056,1.90e-01,
2057,1.90e-01,
2058,1.90e-01,
2059,1.90e-01,
2060,1.90e-01,
2061,1.90e-01,
2062,1.90e-01,
2063,1.90e-01,
2064,1.90e-01,
2065,1.90e-01,
2066,1.90e-01,
2067,1.90e-01,
2068,1.90e-01,
2069,1.90e-01,
2070,1.90e-01,
2071,1.90e-01,
2072,1.90e-01,
2073,1.90e-01,
2074,1.90e-01,
2075,1.90e-01,
2076,1.90e-01,
2077,1.90e-01,
2078,1.90e-01,
2079,1.90e-01,
2080,1.90e-01,
2081,1.90e-01,
2082,1.90e-01,
2083,1.90e-01,
2084,1.90e-01,
2085,1.90e-01,
2086,1.90e-01,
2087,1.90e-01,
2088,1.90e-01,
2089,1.90e-01,
2090,1.90e-01,
2091,1.90e-01,
2092,1.90e-01,
2093,1.90e-01,
2094,1.90e-01,
2095,1.90e-01,
2096,1.90e-01,
2097,1.90e-01,
2098,1.90e-01,
2099,2.10e-01,
2100,1.90e-01,
2101,2.10e-01,
2102,2.10e-01,
2103,1.90e-01,
2104,2.10e-01,
2105,1.90e-01,
2106,1.90e-01,
2107,2.10e-01,
2108,2.10e-01,
2109,2.10e-01,
2110,2.10e-01,
2111,2.10e-01,
2112,2.10e-01,
2113,2.10e-01,
2114,2.10e-01,
2115,2.10e-01,
2116,2.10e-01,
2117,2.10e-01,
2118,2.10e-01,
2119,2.10e-01,
2120,2.10e-01,
2121,2.10e-01,
2122,2.10e-01,
2123,2.10e-01,
2124,2.10e-01,
2125,2.10e-01,
2126,2.10e-01,
2127,2.10e-01,
2128,2.10e-01,
2129,2.10e-01,
2130,2.10e-01,
2131,2.10e-01,
2132,2.10e-01,
2133,2.10e-01,
2134,2.10e-01,
2135,2.10e-01,
2136,2.10e-01,
2137,2.10e-01,
2138,2.10e-01,
2139,2.10e-01,
2140,2.10e-01,
2141,2.10e-01,
2142,2.10e-01,
2143,2.10e-01,
2144,2.10e-01,
2145,2.10e-01,
2146,2.10e-01,
2147,2.10e-01,
2148,2.10e-01,
2149,2.10e-01,
2150,2.10e-01,
2151,2.10e-01,
2152,2.10e-01,
2153,2.10e-01,
2154,2.10e-01,
2155,2.10e-01,
2156,2.10e-01,
2157,2.10e-01,
2158,2.10e-01,
2159,2.10e-01,
2160,2.10e-01,
2161,2.10e-01,
2162,2.10e-01,
2163,2.10e-01,
2164,2.10e-01,
2165,2.10e-01,
2166,2.10e-01,
2167,2.10e-01,
2168,2.10e-01,
2169,2.10e-01,
2170,2.10e-01,
2171,2.10e-01,
2172,2.10e-01,
2173,2.10e-01,
2174,2.10e-01,
2175,2.10e-01,
2176,2.10e-01,
2177,2.10e-01,
2178,2.10e-01,
2179,2.10e-01,
2180,2.10e-01,
2181,2.10e-01,
2182,2.10e-01,
2183,2.10e-01,
2184,2.10e-01,
2185,2.10e-01,
2186,2.10e-01,
2187,2.10e-01,
2188,2.10e-01,
2189,2.10e-01,
2190,2.10e-01,
2191,2.10e-01,
2192,2.10e-01,
2193,2.10e-01,
2194,2.10e-01,
2195,2.10e-01,
2196,2.10e-01,
2197,2.10e-01,
2198,2.10e-01,
2199,2.10e-01,
2200,2.10e-01,
2201,2.10e-01,
2202,2.10e-01,
2203,2.10e-01,
2204,2.10e-01,
2205,2.30e-01,
2206,2.30e-01,
2207,2.30e-01,
2208,2.10e-01,
2209,2.30e-01,
2210,2.10e-01,
2211,2.30e-01,
2212,2.10e-01,
2213,2.30e-01,
2214,2.30e-01,
2215,2.30e-01,
2216,2.30e-01,
2217,2.30e-01,
2218,2.30e-01,
2219,2.30e-01,
2220,2.30e-01,
2221,2.30e-01,
2222,2.30e-01,
2223,2.30e-01,
2224,2.30e-01,
2225,2.30e-01,
2226,2.30e-01,
2227,2.30e-01,
2228,2.30e-01,
2229,2.30e-01,
2230,2.30e-01,
2231,2.30e-01,
2232,2.30e-01,
2233,2.30e-01,
2234,2.30e-01,
2235,2.30e-01,
2236,2.30e-01,
2237,2.30e-01,
2238,2.30e-01,
2239,2.30e-01,
2240,2.30e-01,
2241,2.30e-01,
2242,2.30e-01,
2243,2.30e-01,
2244,2.30e-01,
2245,2.30e-01,
2246,2.30e-01,
2247,2.30e-01,
2248,2.30e-01,
2249,2.30e-01,
2250,2.30e-01,
2251,2.30e-01,
2252,2.30e-01,
2253,2.30e-01,
2254,2.30e-01,
2255,2.30e-01,
2256,2.30e-01,
2257,2.30e-01,
2258,2.30e-01,
2259,2.30e-01,
2260,2.30e-01,
2261,2.30e-01,
2262,2.30e-01,
2263,2.30e-01,
2264,2.30e-01,
2265,2.30e-01,
2266,2.30e-01,
2267,2.30e-01,
2268,2.30e-01,
2269,2.30e-01,
2270,2.30e-01,
2271,2.30e-01,
2272,2.30e-01,
2273,2.30e-01,
2274,2.30e-01,
2275,2.30e-01,
2276,2.30e-01,
2277,2.30e-01,
2278,2.30e-01,
2279,2.30e-01,
2280,2.30e-01,
2281,2.30e-01,
2282,2.30e-01,
2283,2.30e-01,
2284,2.30e-01,
2285,2.30e-01,
2286,2.30e-01,
2287,2.30e-01,
2288,2.30e-01,
2289,2.30e-01,
2290,2.30e-01,
2291,2.30e-01,
2292,2.30e-01,
2293,2.30e-01,
2294,2.30e-01,
2295,2.30e-01,
2296,2.30e-01,
2297,2.30e-01,
2298,2.30e-01,
2299,2.30e-01,
2300,2.30e-01,
2301,2.30e-01,
2302,2.30e-01,
2303,2.30e-01,
2304,2.30e-01,
2305,2.30e-01,
2306,2.30e-01,
2307,2.30e-01,
2308,2.30e-01,
2309,2.30e-01,
2310,2.30e-01,
2311,2.30e-01,
2312,2.30e-01,
2313,2.30e-01,
2314,2.30e-01,
2315,2.50e-01,
2316,2.30e-01,
2317,2.50e-01,
2318,2.30e-01,
2319,2.30e-01,
2320,2.30e-01,
2321,2.50e-01,
2322,2.30e-01,
2323,2.50e-01,
2324,2.30e-01,
2325,2.50e-01,
2326,2.30e-01,
2327,2.50e-01,
2328,2.50e-01,
2329,2.50e-01,
2330,2.50e-01,
2331,2.50e-01,
2332,2.50e-01,
2333,2.50e-01,
2334,2.50e-01,
2335,2.50e-01,
2336,2.50e-01,
2337,2.50e-01,
2338,2.50e-01,
2339,2.50e-01,
2340,2.50e-01,
2341,2.50e-01,
2342,2.50e-01,
2343,2.50e-01,
2344,2.50e-01,
2345,2.50e-01,
2346,2.50e-01,
2347,2.50e-01,
2348,2.50e-01,
2349,2.50e-01,
2350,2.50e-01,
2351,2.50e-01,
2352,2.50e-01,
2353,2.50e-01,
2354,2.50e-01,
2355,2.50e-01,
2356,2.50e-01,
2357,2.50e-01,
2358,2.50e-01,
2359,2.50e-01,
2360,2.50e-01,
2361,2.50e-01,
2362,2.50e-01,
2363,2.50e-01,
2364,2.50e-01,
2365,2.50e-01,
2366,2.50e-01,
2367,2.50e-01,
2368,2.50e-01,
2369,2.50e-01,
2370,2.50e-01,
2371,2.50e-01,
2372,2.50e-01,
2373,2.50e-01,
2374,2.50e-01,
2375,2.50e-01,
2376,2.50e-01,
2377,2.50e-01,
2378,2.50e-01,
2379,2.50e-01,
2380,2.50e-01,
2381,2.50e-01,
2382,2.50e-01,
2383,2.50e-01,
2384,2.50e-01,
2385,2.50e-01,
2386,2.50e-01,
2387,2.50e-01,
2388,2.50e-01,
2389,2.50e-01,
2390,2.50e-01,
2391,2.50e-01,
2392,2.50e-01,
2393,2.50e-01,
2394,2.50e-01,
2395,2.50e-01,
2396,2.50e-01,
2397,2.50e-01,
2398,2.50e-01,
2399,2.50e-01,
2400,2.50e-01,
2401,2.50e-01,
2402,2.50e-01,
2403,2.50e-01,
2404,2.50e-01,
2405,2.50e-01,
2406,2.50e-01,
2407,2.50e-01,
2408,2.50e-01,
2409,2.50e-01,
2410,2.50e-01,
2411,2.50e-01,
2412,2.50e-01,
2413,2.50e-01,
2414,2.50e-01,
2415,2.50e-01,
2416,2.50e-01,
2417,2.50e-01,
2418,2.50e-01,
2419,2.70e-01,
2420,2.50e-01,
2421,2.50e-01,
2422,2.50e-01,
2423,2.50e-01,
2424,2.50e-01,
2425,2.70e-01,
2426,2.50e-01,
2427,2.70e-01,
2428,2.50e-01,
2429,2.70e-01,
2430,2.50e-01,
2431,2.70e-01,
2432,2.50e-01,
2433,2.70e-01,
2434,2.70e-01,
2435,2.70e-01,
2436,2.70e-01,
2437,2.70e-01,
2438,2.70e-01,
2439,2.70e-01,
2440,2.50e-01,
2441,2.70e-01,
2442,2.70e-01,
2443,2.70e-01,
2444,2.70e-01,
2445,2.70e-01,
2446,2.70e-01,
2447,2.70e-01,
2448,2.70e-01,
2449,2.70e-01,
2450,2.70e-01,
2451,2.70e-01,
2452,2.70e-01,
2453,2.70e-01,
2454,2.70e-01,
2455,2.70e-01,
2456,2.70e-01,
2457,2.70e-01,
2458,2.70e-01,
2459,2.70e-01,
2460,2.70e-01,
2461,2.70e-01,
2462,2.70e-01,
2463,2.70e-01,
2464,2.70e-01,
2465,2.70e-01,
2466,2.70e-01,
2467,2.70e-01,
2468,2.70e-01,
2469,2.70e-01,
2470,2.70e-01,
2471,2.70e-01,
2472,2.70e-01,
2473,2.70e-01,
2474,2.70e-01,
2475,2.70e-01,
2476,2.70e-01,
2477,2.70e-01,
2478,2.70e-01,
2479,2.70e-01,
2480,2.70e-01,
2481,2.70e-01,
2482,2.70e-01,
2483,2.70e-01,
2484,2.70e-01,
2485,2.70e-01,
2486,2.70e-01,
2487,2.70e-01,
2488,2.70e-01,
2489,2.70e-01,
2490,2.70e-01,
2491,2.70e-01,
2492,2.70e-01,
2493,2.70e-01,
2494,2.70e-01,
2495,2.70e-01,
2496,2.70e-01,
2497,2.70e-01,
2498,2.70e-01,
2499,2.70e-01,
2500,2.70e-01,
2501,2.70e-01,
2502,2.70e-01,
2503,2.70e-01,
2504,2.70e-01,
2505,2.70e-01,
2506,2.70e-01,
2507,2.70e-01,
2508,2.70e-01,
2509,2.70e-01,
2510,2.70e-01,
2511,2.70e-01,
2512,2.70e-01,
2513,2.70e-01,
2514,2.70e-01,
2515,2.70e-01,
2516,2.70e-01,
2517,2.70e-01,
2518,2.70e-01,
2519,2.70e-01,
2520,2.70e-01,
2521,2.70e-01,
2522,2.70e-01,
2523,2.70e-01,
2524,2.70e-01,
2525,2.70e-01,
2526,2.70e-01,
2527,2.70e-01,
2528,2.70e-01,
2529,2.70e-01,
2530,2.70e-01,
2531,3.10e-01,
2532,2.70e-01,
2533,2.70e-01,
2534,2.70e-01,
2535,2.70e-01,
2536,2.70e-01,
2537,2.70e-01,
2538,3.10e-01,
2539,3.10e-01,
2540,2.70e-01,
2541,3.10e-01,
2542,2.70e-01,
2543,3.10e-01,
2544,2.70e-01,
2545,3.10e-01,
2546,2.70e-01,
2547,3.10e-01,
2548,2.70e-01,
2549,3.10e-01,
2550,3.10e-01,
2551,3.10e-01,
2552,3.10e-01,
2553,3.10e-01,
2554,3.10e-01,
2555,3.10e-01,
2556,3.10e-01,
2557,3.10e-01,
2558,3.10e-01,
2559,3.10e-01,
2560,3.10e-01,
2561,3.10e-01,
2562,3.10e-01,
2563,3.10e-01,
2564,3.10e-01,
2565,3.10e-01,
2566,3.10e-01,
2567,3.10e-01,
2568,3.10e-01,
2569,3.10e-01,
2570,3.10e-01,
2571,3.10e-01,
2572,3.10e-01,
2573,3.10e-01,
2574,3.10e-01,
2575,3.10e-01,
2576,3.10e-01,
2577,3.10e-01,
2578,3.10e-01,
2579,3.10e-01,
2580,3.10e-01,
2581,3.10e-01,
2582,3.10e-01,
2583,3.10e-01,
2584,3.10e-01,
2585,3.10e-01,
2586,3.10e-01,
2587,3.10e-01,
2588,3.10e-01,
2589,3.10e-01,
2590,3.10e-01,
2591,3.10e-01,
2592,3.10e-01,
2593,3.10e-01,
2594,3.10e-01,
2595,3.10e-01,
2596,3.10e-01,
2597,3.10e-01,
2598,3.10e-01,
2599,3.10e-01,
2600,3.10e-01,
2601,3.10e-01,
2602,3.10e-01,
2603,3.10e-01,
2604,3.10e-01,
2605,3.10e-01,
2606,3.10e-01,
2607,3.10e-01,
2608,3.10e-01,
2609,3.10e-01,
2610,3.10e-01,
2611,3.10e-01,
2612,3.10e-01,
2613,3.10e-01,
2614,3.10e-01,
2615,3.10e-01,
2616,3.10e-01,
2617,3.10e-01,
2618,3.10e-01,
2619,3.10e-01,
2620,3.10e-01,
2621,3.10e-01,
2622,3.10e-01,
2623,3.10e-01,
2624,3.10e-01,
2625,3.10e-01,
2626,3.10e-01,
2627,3.10e-01,
2628,3.10e-01,
2629,3.10e-01,
2630,3.10e-01,
2631,3.10e-01,
2632,3.10e-01,
2633,3.10e-01,
2634,3.10e-01,
2635,3.10e-01,
2636,3.10e-01,
2637,3.10e-01,
2638,3.10e-01,
2639,3.10e-01,
2640,3.10e-01,
2641,3.10e-01,
2642,3.10e-01,
2643,3.10e-01,
2644,3.10e-01,
2645,3.10e-01,
2646,3.10e-01,
2647,3.10e-01,
2648,3.30e-01,
2649,3.10e-01,
2650,3.10e-01,
2651,3.30e-01,
2652,3.10e-01,
2653,3.30e-01,
2654,3.10e-01,
2655,3.30e-01,
2656,3.10e-01,
2657,3.30e-01,
2658,3.30e-01,
2659,3.30e-01,
2660,3.30e-01,
2661,3.30e-01,
2662,3.30e-01,
2663,3.30e-01,
2664,3.30e-01,
2665,3.30e-01,
2666,3.30e-01,
2667,3.30e-01,
2668,3.30e-01,
2669,3.30e-01,
2670,3.30e-01,
2671,3.30e-01,
2672,3.30e-01,
2673,3.30e-01,
2674,3.30e-01,
2675,3.30e-01,
2676,3.30e-01,
2677,3.30e-01,
2678,3.30e-01,
2679,3.30e-01,
2680,3.30e-01,
2681,3.30e-01,
2682,3.30e-01,
2683,3.30e-01,
2684,3.30e-01,
2685,3.30e-01,
2686,3.30e-01,
2687,3.30e-01,
2688,3.30e-01,
2689,3.30e-01,
2690,3.30e-01,
2691,3.30e-01,
2692,3.30e-01,
2693,3.30e-01,
2694,3.30e-01,
2695,3.30e-01,
2696,3.30e-01,
2697,3.30e-01,
2698,3.30e-01,
2699,3.30e-01,
2700,3.30e-01,
2701,3.30e-01,
2702,3.30e-01,
2703,3.30e-01,
2704,3.30e-01,
2705,3.30e-01,
2706,3.30e-01,
2707,3.30e-01,
2708,3.30e-01,
2709,3.30e-01,
2710,3.30e-01,
2711,3.30e-01,
2712,3.30e-01,
2713,3.30e-01,
2714,3.30e-01,
2715,3.30e-01,
2716,3.30e-01,
2717,3.30e-01,
2718,3.30e-01,
2719,3.30e-01,
2720,3.30e-01,
2721,3.30e-01,
2722,3.30e-01,
2723,3.30e-01,
2724,3.30e-01,
2725,3.30e-01,
2726,3.30e-01,
2727,3.30e-01,
2728,3.30e-01,
2729,3.30e-01,
2730,3.30e-01,
2731,3.30e-01,
2732,3.30e-01,
2733,3.30e-01,
2734,3.30e-01,
2735,3.30e-01,
2736,3.30e-01,
2737,3.30e-01,
2738,3.30e-01,
2739,3.30e-01,
2740,3.30e-01,
2741,3.30e-01,
2742,3.30e-01,
2743,3.30e-01,
2744,3.30e-01,
2745,3.30e-01,
2746,3.30e-01,
2747,3.30e-01,
2748,3.30e-01,
2749,3.30e-01,
2750,3.30e-01,
2751,3.30e-01,
2752,3.30e-01,
2753,3.30e-01,
2754,3.30e-01,
2755,3.30e-01,
2756,3.30e-01,
2757,3.30e-01,
2758,3.30e-01,
2759,3.50e-01,
2760,3.30e-01,
2761,3.50e-01,
2762,3.30e-01,
2763,3.50e-01,
2764,3.30e-01,
2765,3.50e-01,
2766,3.30e-01,
2767,3.50e-01,
2768,3.30e-01,
2769,3.50e-01,
2770,3.50e-01,
2771,3.50e-01,
2772,3.30e-01,
2773,3.50e-01,
2774,3.50e-01,
2775,3.50e-01,
2776,3.50e-01,
2777,3.50e-01,
2778,3.50e-01,
2779,3.50e-01,
2780,3.50e-01,
2781,3.50e-01,
2782,3.50e-01,
2783,3.50e-01,
2784,3.50e-01,
2785,3.50e-01,
2786,3.50e-01,
2787,3.50e-01,
2788,3.50e-01,
2789,3.50e-01,
2790,3.50e-01,
2791,3.50e-01,
2792,3.50e-01,
2793,3.50e-01,
2794,3.50e-01,
2795,3.50e-01,
2796,3.50e-01,
2797,3.50e-01,
2798,3.50e-01,
2799,3.50e-01,
2800,3.50e-01,
2801,3.50e-01,
2802,3.50e-01,
2803,3.50e-01,
2804,3.50e-01,
2805,3.50e-01,
2806,3.50e-01,
2807,3.50e-01,
2808,3.50e-01,
2809,3.50e-01,
2810,3.50e-01,
2811,3.50e-01,
2812,3.50e-01,
2813,3.50e-01,
2814,3.50e-01,
2815,3.50e-01,
2816,3.50e-01,
2817,3.50e-01,
2818,3.50e-01,
2819,3.50e-01,
2820,3.50e-01,
2821,3.50e-01,
2822,3.50e-01,
2823,3.50e-01,
2824,3.50e-01,
2825,3.50e-01,
2826,3.50e-01,
2827,3.50e-01,
2828,3.50e-01,
2829,3.50e-01,
2830,3.50e-01,
2831,3.50e-01,
2832,3.50e-01,
2833,3.50e-01,
2834,3.50e-01,
2835,3.50e-01,
2836,3.50e-01,
2837,3.50e-01,
2838,3.50e-01,
2839,3.50e-01,
2840,3.50e-01,
2841,3.50e-01,
2842,3.50e-01,
2843,3.50e-01,
2844,3.50e-01,
2845,3.50e-01,
2846,3.50e-01,
2847,3.50e-01,
2848,3.50e-01,
2849,3.50e-01,
2850,3.50e-01,
2851,3.50e-01,
2852,3.50e-01,
2853,3.50e-01,
2854,3.50e-01,
2855,3.50e-01,
2856,3.50e-01,
2857,3.50e-01,
2858,3.50e-01,
2859,3.50e-01,
2860,3.50e-01,
2861,3.50e-01,
2862,3.50e-01,
2863,3.50e-01,
2864,3.50e-01,
2865,3.50e-01,
2866,3.50e-01,
2867,3.50e-01,
2868,3.50e-01,
2869,3.50e-01,
2870,3.50e-01,
2871,3.70e-01,
2872,3.50e-01,
2873,3.70e-01,
2874,3.50e-01,
2875,3.50e-01,
2876,3.50e-01,
2877,3.50e-01,
2878,3.50e-01,
2879,3.70e-01,
2880,3.50e-01,
2881,3.70e-01,
2882,3.50e-01,
2883,3.70e-01,
2884,3.50e-01,
2885,3.70e-01,
2886,3.70e-01,
2887,3.70e-01,
2888,3.70e-01,
2889,3.70e-01,
2890,3.70e-01,
2891,3.70e-01,
2892,3.70e-01,
2893,3.70e-01,
2894,3.70e-01,
2895,3.70e-01,
2896,3.50e-01,
2897,3.30e-01,
2898,2.70e-01,
2899,2.70e-01,
2900,3.10e-01,
2901,3.30e-01,
2902,3.50e-01,
2903,3.50e-01,
2904,3.50e-01,
2905,3.50e-01,
2906,3.50e-01,
2907,3.50e-01,
2908,3.50e-01,
2909,3.50e-01,
2910,3.50e-01,
2911,3.50e-01,
2912,3.50e-01,
2913,3.50e-01,
2914,3.50e-01,
2915,3.50e-01,
2916,3.50e-01,
2917,3.50e-01,
2918,3.50e-01,
2919,3.70e-01,
2920,3.50e-01,
2921,3.50e-01,
2922,3.50e-01,
2923,3.70e-01,
2924,3.70e-01,
2925,3.70e-01,
2926,3.50e-01,
2927,3.70e-01,
2928,3.70e-01,
2929,3.70e-01,
2930,3.70e-01,
2931,3.70e-01,
2932,3.70e-01,
2933,3.70e-01,
2934,3.70e-01,
2935,3.70e-01,
2936,3.70e-01,
2937,3.70e-01,
2938,3.70e-01,
2939,3.70e-01,
2940,3.70e-01,
2941,3.70e-01,
2942,3.70e-01,
2943,3.70e-01,
2944,3.70e-01,
2945,3.70e-01,
2946,3.70e-01,
2947,3.70e-01,
2948,3.70e-01,
2949,3.70e-01,
2950,3.70e-01,
2951,3.70e-01,
2952,3.70e-01,
2953,3.70e-01,
2954,3.70e-01,
2955,3.70e-01,
2956,3.70e-01,
2957,3.70e-01,
2958,3.70e-01,
2959,3.70e-01,
2960,3.70e-01,
2961,3.70e-01,
2962,3.70e-01,
2963,3.70e-01,
2964,3.70e-01,
2965,3.70e-01,
2966,3.70e-01,
2967,3.70e-01,
2968,3.70e-01,
2969,3.70e-01,
2970,3.70e-01,
2971,3.70e-01,
2972,3.70e-01,
2973,3.70e-01,
2974,3.70e-01,
2975,3.70e-01,
2976,3.50e-01,
2977,3.50e-01,
2978,3.50e-01,
2979,3.50e-01,
2980,3.30e-01,
2981,3.30e-01,
2982,3.10e-01,
2983,2.50e-01,
2984,2.30e-01,
2985,9.00e-02,
2986,-3.90e-01,
2987,-8.30e-01,
2988,-8.70e-01,
2989,-7.70e-01,
2990,-6.90e-01,
2991,-5.30e-01,
2992,-4.10e-01,
2993,-2.50e-01,
2994,-5.00e-02,
2995,7.00e-02,
2996,7.00e-02,
2997,-5.00e-02,
2998,-1.50e-01,
2999,-1.30e-01,
3000,-3.00e-02,
3001,7.00e-02,
3002,3.00e-02,
3003,-5.00e-02,
3004,-1.30e-01,
3005,-1.10e-01,
3006,-1.00e-02,
3007,7.00e-02,
3008,1.00e-02,
3009,-5.00e-02,
3010,-1.10e-01,
3011,-9.00e-02,
3012,-8.50e-01,
3013,-8.50e-01,
3014,2.70e-01,
3015,-9.00e-02,
3016,2.70e-01,
3017,3.10e-01,
3018,3.70e-01,
3019,3.90e-01,
3020,4.30e-01,
3021,3.50e-01,
3022,3.70e-01,
3023,1.90e-01,
3024,1.10e-01,
3025,-1.50e-01,
3026,-3.90e-01,
3027,-1.15e+00,
3028,-7.30e-01,
3029,3.70e-01,
3030,9.30e-01,
3031,5.50e-01,
3032,-4.10e-01,
3033,-1.69e+00,
3034,1.30e-01,
3035,-5.10e-01,
3036,2.30e-01,
3037,-9.00e-02,
3038,2.50e-01,
3039,2.50e-01,
3040,3.30e-01,
3041,2.50e-01,
3042,3.10e-01,
3043,2.10e-01,
3044,1.30e-01,
3045,9.00e-02,
3046,-9.00e-02,
3047,-1.30e-01,
3048,-2.90e-01,
3049,-4.50e-01,
3050,-3.70e-01,
3051,1.30e-01,
3052,3.30e-01,
3053,-1.59e+00,
3054,3.90e-01,
3055,9.00e-02,
3056,-2.10e-01,
3057,1.30e-01,
3058,2.70e-01,
3059,1.50e-01,
3060,2.70e-01,
3061,1.50e-01,
3062,2.10e-01,
3063,3.00e-02,
3064,3.00e-02,
3065,-1.30e-01,
3066,-1.50e-01,
3067,-2.10e-01,
3068,-2.30e-01,
3069,-2.10e-01,
3070,-2.10e-01,
3071,-1.30e-01,
3072,-9.00e-02,
3073,1.00e-02,
3074,3.00e-02,
3075,1.30e-01,
3076,1.30e-01,
3077,1.90e-01,
3078,1.50e-01,
3079,1.50e-01,
3080,1.10e-01,
3081,7.00e-02,
3082,1.00e-02,
3083,-9.00e-02,
3084,-1.30e-01,
3085,-1.70e-01,
3086,-1.70e-01,
3087,-1.70e-01,
3088,-1.50e-01,
3089,-1.10e-01,
3090,-5.00e-02,
3091,-1.00e-02,
3092,3.00e-02,
3093,9.00e-02,
3094,1.10e-01,
3095,1.30e-01,
3096,1.30e-01,
3097,1.10e-01,
3098,9.00e-02,
3099,3.00e-02,
3100,-1.00e-02,
3101,-5.00e-02,
3102,-1.10e-01,
3103,-1.30e-01,
3104,-1.50e-01,
3105,-1.50e-01,
3106,-1.30e-01,
3107,-9.00e-02,
3108,-3.00e-02,
3109,-1.00e-02,
3110,3.00e-02,
3111,9.00e-02,
3112,1.10e-01,
3113,1.10e-01,
3114,1.10e-01,
3115,9.00e-02,
3116,7.00e-02,
3117,3.00e-02,
3118,-1.00e-02,
3119,-5.00e-02,
3120,-9.00e-02,
3121,-1.10e-01,
3122,-1.30e-01,
3123,-1.10e-01,
3124,-1.10e-01,
3125,-5.00e-02,
3126,-3.00e-02,
3127,1.00e-02,
3128,3.00e-02,
3129,7.00e-02,
3130,9.00e-02,
3131,9.00e-02,
3132,9.00e-02,
3133,7.00e-02,
3134,3.00e-02,
3135,1.00e-02,
3136,-1.00e-02,
3137,-5.00e-02,
3138,-9.00e-02,
3139,-9.00e-02,
3140,-1.10e-01,
3141,-9.00e-02,
3142,-9.00e-02,
3143,-5.00e-02,
3144,-3.00e-02,
3145,1.00e-02,
3146,3.00e-02,
3147,7.00e-02,
3148,7.00e-02,
3149,7.00e-02,
3150,7.00e-02,
3151,7.00e-02,
3152,3.00e-02,
3153,1.00e-02,
3154,-1.00e-02,
3155,-3.00e-02,
3156,-5.00e-02,
3157,-9.00e-02,
3158,-9.00e-02,
3159,-5.00e-02,
3160,-5.00e-02,
3161,-3.00e-02,
3162,-1.00e-02,
3163,1.00e-02,
3164,1.00e-02,
3165,3.00e-02,
3166,7.00e-02,
3167,7.00e-02,
3168,3.00e-02,
3169,3.00e-02,
3170,1.00e-02,
3171,-1.00e-02,
3172,-1.00e-02,
3173,-3.00e-02,
3174,-5.00e-02,
3175,-5.00e-02,
3176,-5.00e-02,
3177,-5.00e-02,
3178,-3.00e-02,
3179,-3.00e-02,
3180,-1.00e-02,
3181,1.00e-02,
3182,1.00e-02,
3183,3.00e-02,
3184,3.00e-02,
3185,3.00e-02,
3186,3.00e-02,
3187,3.00e-02,
3188,1.00e-02,
3189,-1.00e-02,
3190,-1.00e-02,
3191,-3.00e-02,
3192,-5.00e-02,
3193,-5.00e-02,
3194,-5.00e-02,
3195,-3.00e-02,
3196,-3.00e-02,
3197,-1.00e-02,
3198,-1.00e-02,
3199,1.00e-02,
3200,1.00e-02,
3201,3.00e-02,
3202,3.00e-02,
3203,3.00e-02,
3204,1.00e-02,
3205,1.00e-02,
3206,1.00e-02,
3207,-1.00e-02,
3208,-1.00e-02,
3209,-3.00e-02,
3210,-3.00e-02,
3211,-3.00e-02,
3212,-3.00e-02,
3213,-3.00e-02,
3214,-3.00e-02,
3215,-1.00e-02,
3216,-1.00e-02,
3217,1.00e-02,
3218,1.00e-02,
3219,1.00e-02,
3220,1.00e-02,
3221,1.00e-02,
3222,1.00e-02,
3223,1.00e-02,
3224,-1.00e-02,
3225,-1.00e-02,
3226,-1.00e-02,
3227,-3.00e-02,
3228,-3.00e-02,
3229,-3.00e-02,
3230,-3.00e-02,
3231,-3.00e-02,
3232,-3.00e-02,
3233,-1.00e-02,
3234,-1.00e-02,
3235,1.00e-02,
3236,1.00e-02,
3237,1.00e-02,
3238,1.00e-02,
3239,1.00e-02,
3240,1.00e-02,
3241,1.00e-02,
3242,-1.00e-02,
3243,-1.00e-02,
3244,-1.00e-02,
3245,-3.00e-02,
3246,-3.00e-02,
3247,-3.00e-02,
3248,-3.00e-02,
3249,-3.00e-02,
3250,-1.00e-02,
3251,-1.00e-02,
3252,-1.00e-02,
3253,1.00e-02,
3254,1.00e-02,
3255,1.00e-02,
3256,1.00e-02,
3257,1.00e-02,
3258,1.00e-02,
3259,1.00e-02,
3260,-1.00e-02,
3261,-1.00e-02,
3262,-1.00e-02,
3263,-1.00e-02,
3264,-3.00e-02,
3265,-3.00e-02,
3266,-3.00e-02,
3267,-1.00e-02,
3268,-1.00e-02,
3269,-1.00e-02,
3270,-1.00e-02,
3271,1.00e-02,
3272,1.00e-02,
3273,1.00e-02,
3274,1.00e-02,
3275,1.00e-02,
3276,1.00e-02,
3277,-1.00e-02,
3278,-1.00e-02,
3279,-1.00e-02,
3280,-1.00e-02,
3281,-1.00e-02,
3282,-1.00e-02,
3283,-1.00e-02,
3284,-1.00e-02,
3285,-1.00e-02,
3286,-1.00e-02,
3287,-1.00e-02,
3288,-1.00e-02,
3289,-1.00e-02,
3290,-1.00e-02,
3291,1.00e-02,
3292,1.00e-02,
3293,1.00e-02,
3294,-1.00e-02,
3295,-1.00e-02,
3296,-1.00e-02,
3297,-1.00e-02,
3298,-1.00e-02,
3299,-1.00e-02,
3300,-1.00e-02,
3301,-1.00e-02,
3302,-1.00e-02,
3303,-1.00e-02,
3304,-1.00e-02,
3305,-1.00e-02,
3306,-1.00e-02,
3307,-1.00e-02,
3308,-1.00e-02,
3309,1.00e-02,
3310,-1.00e-02,
3311,1.00e-02,
3312,-1.00e-02,
3313,-1.00e-02,
3314,-1.00e-02,
3315,-1.00e-02,
3316,-1.00e-02,
3317,-1.00e-02,
3318,-1.00e-02,
3319,-1.00e-02,
3320,-1.00e-02,
3321,-1.00e-02,
3322,-1.00e-02,
3323,-1.00e-02,
3324,-1.00e-02,
3325,-1.00e-02,
3326,-1.00e-02,
3327,-1.00e-02,
3328,-1.00e-02,
3329,-1.00e-02,
3330,-1.00e-02,
3331,-1.00e-02,
3332,-1.00e-02,
3333,-1.00e-02,
3334,-1.00e-02,
3335,-1.00e-02,
3336,-1.00e-02,
3337,-1.00e-02,
3338,-1.00e-02,
3339,-1.00e-02,
3340,-1.00e-02,
3341,-1.00e-02,
3342,-1.00e-02,
3343,-1.00e-02,
3344,-1.00e-02,
3345,-1.00e-02,
3346,-1.00e-02,
3347,-1.00e-02,
3348,-1.00e-02,
3349,-1.00e-02,
3350,-1.00e-02,
3351,-1.00e-02,
3352,-1.00e-02,
3353,-1.00e-02,
3354,-1.00e-02,
3355,-1.00e-02,
3356,-1.00e-02,
3357,-1.00e-02,
3358,-1.00e-02,
3359,-1.00e-02,
3360,-1.00e-02,
3361,-1.00e-02,
3362,-1.00e-02,
3363,-1.00e-02,
3364,-1.00e-02,
3365,-1.00e-02,
3366,-1.00e-02,
3367,-1.00e-02,
3368,-1.00e-02,
3369,-1.00e-02,
3370,-1.00e-02,
3371,-1.00e-02,
3372,-1.00e-02,
3373,-1.00e-02,
3374,-1.00e-02,
3375,-1.00e-02,
3376,-1.00e-02,
3377,-1.00e-02,
3378,-1.00e-02,
3379,-1.00e-02,
3380,-1.00e-02,
3381,-1.00e-02,
3382,-1.00e-02,
3383,-1.00e-02,
3384,-1.00e-02,
3385,-1.00e-02,
3386,-1.00e-02,
3387,-1.00e-02,
3388,-1.00e-02,
3389,-1.00e-02,
3390,-1.00e-02,
3391,-1.00e-02,
3392,-1.00e-02,
3393,-1.00e-02,
3394,-1.00e-02,
3395,-1.00e-02,
3396,-1.00e-02,
3397,-1.00e-02,
3398,-1.00e-02,
3399,-1.00e-02,
3400,-1.00e-02,
3401,-1.00e-02,
3402,-1.00e-02,
3403,-1.00e-02,
3404,-1.00e-02,
3405,-1.00e-02,
3406,-1.00e-02,
3407,-1.00e-02,
3408,-1.00e-02,
3409,-1.00e-02,
3410,-1.00e-02,
3411,-1.00e-02,
3412,-1.00e-02,
3413,-1.00e-02,
3414,-1.00e-02,
3415,-1.00e-02,
3416,-1.00e-02,
3417,-1.00e-02,
3418,-1.00e-02,
3419,-1.00e-02,
3420,-1.00e-02,
3421,-1.00e-02,
3422,-1.00e-02,
3423,-1.00e-02,
3424,-1.00e-02,
3425,-1.00e-02,
3426,-1.00e-02,
3427,-1.00e-02,
3428,-1.00e-02,
3429,-1.00e-02,
3430,-1.00e-02,
3431,-1.00e-02,
3432,-1.00e-02,
3433,-1.00e-02,
3434,-1.00e-02,
3435,-1.00e-02,
3436,-1.00e-02,
3437,-1.00e-02,
3438,-1.00e-02,
3439,-1.00e-02,
3440,-1.00e-02,
3441,-1.00e-02,
3442,-1.00e-02,
3443,-1.00e-02,
3444,-1.00e-02,
3445,-1.00e-02,
3446,-1.00e-02,
3447,-1.00e-02,
3448,-1.00e-02,
3449,-1.00e-02,
3450,-1.00e-02,
3451,-1.00e-02,
3452,-1.00e-02,
3453,-1.00e-02,
3454,-1.00e-02,
3455,-1.00e-02,
3456,-1.00e-02,
3457,-1.00e-02,
3458,-1.00e-02,
3459,-1.00e-02,
3460,-1.00e-02,
3461,-1.00e-02,
3462,-1.00e-02,
3463,-1.00e-02,
3464,-1.00e-02,
3465,-1.00e-02,
3466,-1.00e-02,
3467,-1.00e-02,
3468,-1.00e-02,
3469,-1.00e-02,
3470,-1.00e-02,
3471,-1.00e-02,
3472,-1.00e-02,
3473,-1.00e-02,
3474,-1.00e-02,
3475,-1.00e-02,
3476,-1.00e-02,
3477,-1.00e-02,
3478,-1.00e-02,
3479,-1.00e-02,
3480,-1.00e-02,
3481,-1.00e-02,
3482,-1.00e-02,
3483,-1.00e-02,
3484,-1.00e-02,
3485,-1.00e-02,
3486,-1.00e-02,
3487,-1.00e-02,
3488,-1.00e-02,
3489,-1.00e-02,
3490,-1.00e-02,
3491,-1.00e-02,
3492,-1.00e-02,
3493,-1.00e-02,
3494,-1.00e-02,
3495,-1.00e-02,
3496,-1.00e-02,
3497,-1.00e-02,
3498,-1.00e-02,
3499,-1.00e-02,
3500,-1.00e-02,
3501,-1.00e-02,
3502,-1.00e-02,
3503,-1.00e-02,
3504,-1.00e-02,
3505,-1.00e-02,
3506,-1.00e-02,
3507,-1.00e-02,
3508,-1.00e-02,
3509,-1.00e-02,
3510,-1.00e-02,
3511,-1.00e-02,
3512,-1.00e-02,
3513,-1.00e-02,
3514,-1.00e-02,
3515,-1.00e-02,
3516,-1.00e-02,
3517,-1.00e-02,
3518,-1.00e-02,
3519,-1.00e-02,
3520,-1.00e-02,
3521,-1.00e-02,
3522,-1.00e-02,
3523,-1.00e-02,
3524,-1.00e-02,
3525,-1.00e-02,
3526,-1.00e-02,
3527,-1.00e-02,
3528,-1.00e-02,
3529,-1.00e-02,
3530,-1.00e-02,
3531,-1.00e-02,
3532,-1.00e-02,
3533,-1.00e-02,
3534,-1.00e-02,
3535,-1.00e-02,
3536,-1.00e-02,
3537,-1.00e-02,
3538,-1.00e-02,
3539,-1.00e-02,
3540,-1.00e-02,
3541,-1.00e-02,
3542,-1.00e-02,
3543,-1.00e-02,
3544,-1.00e-02,
3545,-1.00e-02,
3546,-1.00e-02,
3547,-1.00e-02,
3548,-1.00e-02,
3549,-1.00e-02,
3550,-1.00e-02,
3551,-1.00e-02,
3552,-1.00e-02,
3553,-1.00e-02,
3554,-1.00e-02,
3555,-1.00e-02,
3556,-1.00e-02,
3557,-1.00e-02,
3558,-1.00e-02,
3559,-1.00e-02,
3560,-1.00e-02,
3561,-1.00e-02,
3562,-1.00e-02,
3563,-1.00e-02,
3564,-1.00e-02,
3565,-1.00e-02,
3566,-1.00e-02,
3567,-1.00e-02,
3568,-1.00e-02,
3569,-1.00e-02,
3570,-1.00e-02,
3571,-1.00e-02,
3572,-1.00e-02,
3573,-1.00e-02,
3574,-1.00e-02,
3575,-1.00e-02,
3576,-1.00e-02,
3577,-1.00e-02,
3578,-1.00e-02,
3579,-1.00e-02,
3580,-1.00e-02,
3581,-1.00e-02,
3582,-1.00e-02,
3583,-1.00e-02,
3584,-1.00e-02,
3585,-1.00e-02,
3586,-1.00e-02,
3587,-1.00e-02,
3588,-1.00e-02,
3589,-1.00e-02,
3590,-1.00e-02,
3591,-1.00e-02,
3592,-1.00e-02,
3593,-1.00e-02,
3594,-1.00e-02,
3595,-1.00e-02,
3596,-1.00e-02,
3597,-1.00e-02,
3598,-1.00e-02,
3599,-1.00e-02,
3600,-1.00e-02,
3601,-1.00e-02,
3602,-1.00e-02,
3603,-1.00e-02,
3604,-1.00e-02,
3605,-1.00e-02,
3606,-1.00e-02,
3607,-1.00e-02,
3608,-1.00e-02,
3609,-1.00e-02,
3610,-1.00e-02,
3611,-1.00e-02,
3612,-1.00e-02,
3613,-1.00e-02,
3614,-1.00e-02,
3615,-1.00e-02,
3616,-1.00e-02,
3617,-1.00e-02,
3618,-1.00e-02,
3619,-1.00e-02,
3620,-1.00e-02,
3621,-1.00e-02,
3622,-1.00e-02,
3623,-1.00e-02,
3624,-1.00e-02,
3625,-1.00e-02,
3626,-1.00e-02,
3627,-1.00e-02,
3628,-1.00e-02,
3629,-1.00e-02,
3630,-1.00e-02,
3631,-1.00e-02,
3632,-1.00e-02,
3633,-1.00e-02,
3634,-1.00e-02,
3635,-1.00e-02,
3636,-1.00e-02,
3637,-1.00e-02,
3638,-1.00e-02,
3639,-1.00e-02,
3640,-1.00e-02,
3641,-1.00e-02,
3642,-1.00e-02,
3643,-1.00e-02,
3644,-1.00e-02,
3645,-1.00e-02,
3646,-1.00e-02,
3647,-1.00e-02,
3648,-1.00e-02,
3649,-1.00e-02,
3650,-1.00e-02,
3651,-1.00e-02,
3652,-1.00e-02,
3653,-1.00e-02,
3654,-1.00e-02,
3655,-1.00e-02,
3656,-1.00e-02,
3657,-1.00e-02,
3658,-1.00e-02,
3659,-1.00e-02,
3660,-1.00e-02,
3661,-1.00e-02,
3662,-1.00e-02,
3663,-1.00e-02,
3664,-1.00e-02,
3665,-1.00e-02,
3666,-1.00e-02,
3667,-1.00e-02,
3668,-1.00e-02,
3669,-1.00e-02,
3670,-1.00e-02,
3671,-1.00e-02,
3672,-1.00e-02,
3673,-1.00e-02,
3674,-1.00e-02,
3675,-1.00e-02,
3676,-1.00e-02,
3677,-1.00e-02,
3678,-1.00e-02,
3679,-1.00e-02,
3680,-1.00e-02,
3681,-1.00e-02,
3682,-1.00e-02,
3683,-1.00e-02,
3684,-1.00e-02,
3685,-1.00e-02,
3686,-1.00e-02,
3687,-1.00e-02,
3688,-1.00e-02,
3689,-1.00e-02,
3690,-1.00e-02,
3691,-1.00e-02,
3692,-1.00e-02,
3693,-1.00e-02,
3694,-1.00e-02,
3695,-1.00e-02,
3696,-1.00e-02,
3697,-1.00e-02,
3698,-1.00e-02,
3699,-1.00e-02,
3700,-1.00e-02,
3701,-1.00e-02,
3702,-1.00e-02,
3703,-1.00e-02,
3704,-1.00e-02,
3705,-1.00e-02,
3706,-1.00e-02,
3707,-1.00e-02,
3708,-1.00e-02,
3709,-1.00e-02,
3710,-1.00e-02,
3711,-1.00e-02,
3712,-1.00e-02,
3713,-1.00e-02,
3714,-1.00e-02,
3715,-1.00e-02,
3716,-1.00e-02,
3717,-1.00e-02,
3718,-1.00e-02,
3719,-1.00e-02,
3720,-1.00e-02,
3721,-1.00e-02,
3722,-1.00e-02,
3723,-1.00e-02,
3724,-1.00e-02,
3725,-1.00e-02,
3726,-1.00e-02,
3727,-1.00e-02,
3728,-1.00e-02,
3729,-1.00e-02,
3730,-1.00e-02,
3731,-1.00e-02,
3732,-1.00e-02,
3733,-1.00e-02,
3734,-1.00e-02,
3735,-1.00e-02,
3736,-1.00e-02,
3737,-1.00e-02,
3738,-1.00e-02,
3739,-1.00e-02,
3740,-1.00e-02,
3741,-1.00e-02,
3742,-1.00e-02,
3743,-1.00e-02,
3744,-1.00e-02,
3745,-1.00e-02,
3746,-1.00e-02,
3747,-1.00e-02,
3748,-1.00e-02,
3749,-1.00e-02,
3750,-1.00e-02,
3751,-1.00e-02,
3752,-1.00e-02,
3753,-1.00e-02,
3754,-1.00e-02,
3755,-1.00e-02,
3756,-1.00e-02,
3757,-1.00e-02,
3758,-1.00e-02,
3759,-1.00e-02,
3760,-1.00e-02,
3761,-1.00e-02,
3762,-1.00e-02,
3763,-1.00e-02,
3764,-1.00e-02,
3765,-1.00e-02,
3766,-1.00e-02,
3767,-1.00e-02,
3768,-1.00e-02,
3769,-1.00e-02,
3770,-1.00e-02,
3771,-1.00e-02,
3772,-1.00e-02,
3773,-1.00e-02,
3774,-1.00e-02,
3775,-1.00e-02,
3776,-1.00e-02,
3777,-1.00e-02,
3778,-1.00e-02,
3779,-1.00e-02,
3780,-1.00e-02,
3781,-1.00e-02,
3782,-1.00e-02,
3783,-1.00e-02,
3784,-1.00e-02,
3785,-1.00e-02,
3786,-1.00e-02,
3787,-1.00e-02,
3788,-1.00e-02,
3789,-1.00e-02,
3790,-1.00e-02,
3791,-1.00e-02,
3792,-1.00e-02,
3793,-1.00e-02,
3794,-1.00e-02,
3795,-1.00e-02,
3796,-1.00e-02,
3797,-1.00e-02,
3798,-1.00e-02,
3799,-1.00e-02,
3800,-1.00e-02,
3801,-1.00e-02,
3802,-1.00e-02,
3803,-1.00e-02,
3804,-1.00e-02,
3805,-1.00e-02,
3806,-1.00e-02,
3807,-1.00e-02,
3808,-1.00e-02,
3809,-1.00e-02,
3810,-1.00e-02,
3811,-1.00e-02,
3812,-1.00e-02,
3813,-1.00e-02,
3814,-1.00e-02,
3815,-1.00e-02,
3816,-1.00e-02,
3817,-1.00e-02,
3818,-1.00e-02,
3819,-1.00e-02,
3820,-1.00e-02,
3821,-1.00e-02,
3822,-1.00e-02,
3823,-1.00e-02,
3824,-1.00e-02,
3825,-1.00e-02,
3826,-1.00e-02,
3827,-1.00e-02,
3828,-1.00e-02,
3829,-1.00e-02,
3830,-1.00e-02,
3831,-1.00e-02,
3832,-1.00e-02,
3833,-1.00e-02,
3834,-1.00e-02,
3835,-1.00e-02,
3836,-1.00e-02,
3837,-1.00e-02,
3838,-1.00e-02,
3839,-1.00e-02,
3840,-1.00e-02,
3841,-1.00e-02,
3842,-1.00e-02,
3843,-1.00e-02,
3844,-1.00e-02,
3845,-1.00e-02,
3846,-1.00e-02,
3847,-1.00e-02,
3848,-1.00e-02,
3849,-1.00e-02,
3850,-1.00e-02,
3851,-1.00e-02,
3852,-1.00e-02,
3853,-1.00e-02,
3854,-1.00e-02,
3855,-1.00e-02,
3856,-1.00e-02,
3857,-1.00e-02,
3858,-1.00e-02,
3859,-1.00e-02,
3860,-1.00e-02,
3861,-1.00e-02,
3862,-1.00e-02,
3863,-1.00e-02,
3864,-1.00e-02,
3865,-1.00e-02,
3866,-1.00e-02,
3867,-1.00e-02,
3868,-1.00e-02,
3869,-1.00e-02,
3870,-1.00e-02,
3871,-1.00e-02,
3872,-1.00e-02,
3873,-1.00e-02,
3874,-1.00e-02,
3875,-1.00e-02,
3876,-1.00e-02,
3877,-1.00e-02,
3878,-1.00e-02,
3879,-1.00e-02,
3880,-1.00e-02,
3881,-1.00e-02,
3882,-1.00e-02,
3883,-1.00e-02,
3884,-1.00e-02,
3885,-1.00e-02,
3886,-1.00e-02,
3887,-1.00e-02,
3888,-1.00e-02,
3889,-1.00e-02,
3890,-1.00e-02,
3891,-1.00e-02,
3892,-1.00e-02,
3893,-1.00e-02,
3894,-1.00e-02,
3895,-1.00e-02,
3896,-1.00e-02,
3897,-1.00e-02,
3898,-1.00e-02,
3899,-1.00e-02,
3900,-1.00e-02,
3901,-1.00e-02,
3902,-1.00e-02,
3903,-1.00e-02,
3904,-1.00e-02,
3905,-1.00e-02,
3906,-1.00e-02,
3907,-1.00e-02,
3908,-1.00e-02,
3909,-1.00e-02,
3910,-1.00e-02,
3911,-1.00e-02,
3912,-1.00e-02,
3913,-1.00e-02,
3914,-1.00e-02,
3915,-1.00e-02,
3916,-1.00e-02,
3917,-1.00e-02,
3918,-1.00e-02,
3919,-1.00e-02,
3920,-1.00e-02,
3921,-1.00e-02,
3922,-1.00e-02,
3923,-1.00e-02,
3924,-1.00e-02,
3925,-1.00e-02,
3926,-1.00e-02,
3927,-1.00e-02,
3928,-1.00e-02,
3929,-1.00e-02,
3930,-1.00e-02,
3931,-1.00e-02,
3932,-1.00e-02,
3933,-1.00e-02,
3934,-1.00e-02,
3935,-1.00e-02,
3936,-1.00e-02,
3937,-1.00e-02,
3938,-1.00e-02,
3939,-1.00e-02,
3940,-1.00e-02,
3941,-1.00e-02,
3942,-1.00e-02,
3943,-1.00e-02,
3944,-1.00e-02,
3945,-1.00e-02,
3946,-1.00e-02,
3947,-1.00e-02,
3948,-1.00e-02,
3949,-1.00e-02,
3950,-1.00e-02,
3951,-1.00e-02,
3952,-1.00e-02,
3953,-1.00e-02,
3954,-1.00e-02,
3955,-1.00e-02,
3956,-1.00e-02,
3957,-1.00e-02,
3958,-1.00e-02,
3959,-1.00e-02,
3960,-1.00e-02,
3961,-1.00e-02,
3962,-1.00e-02,
3963,-1.00e-02,
3964,-1.00e-02,
3965,-1.00e-02,
3966,-1.00e-02,
3967,-1.00e-02,
3968,-1.00e-02,
3969,-1.00e-02,
3970,-1.00e-02,
3971,-1.00e-02,
3972,-1.00e-02,
3973,-1.00e-02,
3974,-1.00e-02,
3975,-1.00e-02,
3976,-1.00e-02,
3977,-1.00e-02,
3978,-1.00e-02,
3979,-1.00e-02,
3980,-1.00e-02,
3981,-1.00e-02,
3982,-1.00e-02,
3983,-1.00e-02,
3984,-1.00e-02,
3985,-1.00e-02,
3986,-1.00e-02,
3987,-1.00e-02,
3988,-1.00e-02,
3989,-1.00e-02,
3990,-1.00e-02,
3991,-1.00e-02,
3992,-1.00e-02,
3993,-1.00e-02,
3994,-1.00e-02,
3995,-1.00e-02,
3996,-1.00e-02,
3997,-1.00e-02,
3998,-1.00e-02,
3999,-1.00e-02,
4000,-1.00e-02,
4001,-1.00e-02,
4002,-1.00e-02,
4003,-1.00e-02,
4004,-1.00e-02,
4005,-1.00e-02,
4006,-1.00e-02,
4007,-1.00e-02,
4008,-1.00e-02,
4009,-1.00e-02,
4010,-1.00e-02,
4011,-1.00e-02,
4012,-1.00e-02,
4013,-1.00e-02,
4014,-1.00e-02,
4015,-1.00e-02,
4016,-1.00e-02,
4017,-1.00e-02,
4018,-1.00e-02,
4019,-1.00e-02,
4020,-1.00e-02,
4021,-1.00e-02,
4022,-1.00e-02,
4023,-1.00e-02,
4024,-1.00e-02,
4025,-1.00e-02,
4026,-1.00e-02,
4027,-1.00e-02,
4028,-1.00e-02,
4029,-1.00e-02,
4030,-1.00e-02,
4031,-1.00e-02,
4032,-1.00e-02,
4033,-1.00e-02,
4034,-1.00e-02,
4035,-1.00e-02,
4036,-1.00e-02,
4037,-1.00e-02,
4038,-1.00e-02,
4039,-1.00e-02,
4040,-1.00e-02,
4041,-1.00e-02,
4042,-1.00e-02,
4043,-1.00e-02,
4044,-1.00e-02,
4045,-1.00e-02,
4046,-1.00e-02,
4047,-1.00e-02,
4048,-1.00e-02,
4049,-1.00e-02,
4050,-1.00e-02,
4051,-1.00e-02,
4052,-1.00e-02,
4053,-1.00e-02,
4054,-1.00e-02,
4055,-1.00e-02,
4056,-1.00e-02,
4057,-1.00e-02,
4058,-1.00e-02,
4059,-1.00e-02,
4060,-1.00e-02,
4061,-1.00e-02,
4062,-1.00e-02,
4063,-1.00e-02,
4064,-1.00e-02,
4065,-1.00e-02,
4066,-1.00e-02,
4067,-1.00e-02,
4068,-1.00e-02,
4069,-1.00e-02,
4070,-1.00e-02,
4071,-1.00e-02,
4072,-1.00e-02,
4073,-1.00e-02,
4074,-1.00e-02,
4075,-1.00e-02,
4076,-1.00e-02,
4077,-1.00e-02,
4078,-1.00e-02,
4079,-1.00e-02,
4080,-1.00e-02,
4081,-1.00e-02,
4082,-1.00e-02,
4083,-1.00e-02,
4084,-1.00e-02,
4085,-1.00e-02,
4086,-1.00e-02,
4087,-1.00e-02,
4088,-1.00e-02,
4089,-1.00e-02,
4090,-1.00e-02,
4091,-1.00e-02,
4092,-1.00e-02,
4093,-1.00e-02,
4094,-1.00e-02,
4095,-1.00e-02,
4096,-1.00e-02,
4097,-1.00e-02,
4098,-1.00e-02,
4099,-1.00e-02,
4100,-1.00e-02,
4101,-1.00e-02,
4102,-1.00e-02,
4103,-1.00e-02,
4104,-1.00e-02,
4105,-1.00e-02,
4106,-1.00e-02,
4107,-1.00e-02,
4108,-1.00e-02,
4109,-1.00e-02,
4110,-1.00e-02,
4111,-1.00e-02,
4112,-1.00e-02,
4113,-1.00e-02,
4114,-1.00e-02,
4115,-1.00e-02,
4116,-1.00e-02,
4117,-1.00e-02,
4118,-1.00e-02,
4119,-1.00e-02,
4120,-1.00e-02,
4121,-1.00e-02,
4122,-1.00e-02,
4123,-1.00e-02,
4124,-1.00e-02,
4125,-1.00e-02,
4126,-1.00e-02,
4127,-1.00e-02,
4128,-1.00e-02,
4129,-1.00e-02,
4130,-1.00e-02,
4131,-1.00e-02,
4132,-1.00e-02,
4133,-1.00e-02,
4134,-1.00e-02,
4135,-1.00e-02,
4136,-1.00e-02,
4137,-1.00e-02,
4138,-1.00e-02,
4139,-1.00e-02,
4140,-1.00e-02,
4141,-1.00e-02,
4142,-1.00e-02,
4143,-1.00e-02,
4144,-1.00e-02,
4145,-1.00e-02,
4146,-1.00e-02,
4147,-1.00e-02,
4148,-1.00e-02,
4149,-1.00e-02,
4150,-1.00e-02,
4151,-1.00e-02,
4152,-1.00e-02,
4153,-1.00e-02,
4154,-1.00e-02,
4155,-1.00e-02,
4156,-1.00e-02,
4157,-1.00e-02,
4158,-1.00e-02,
4159,-1.00e-02,
4160,-1.00e-02,
4161,-1.00e-02,
4162,-1.00e-02,
4163,-1.00e-02,
4164,-1.00e-02,
4165,-1.00e-02,
4166,-1.00e-02,
4167,-1.00e-02,
4168,-1.00e-02,
4169,-1.00e-02,
4170,-1.00e-02,
4171,-1.00e-02,
4172,-1.00e-02,
4173,-1.00e-02,
4174,-1.00e-02,
4175,-1.00e-02,
4176,-1.00e-02,
4177,-1.00e-02,
4178,-1.00e-02,
4179,-1.00e-02,
4180,-1.00e-02,
4181,-1.00e-02,
4182,-1.00e-02,
4183,-1.00e-02,
4184,-1.00e-02,
4185,-1.00e-02,
4186,-1.00e-02,
4187,-1.00e-02,
4188,-1.00e-02,
4189,-1.00e-02,
4190,-1.00e-02,
4191,-1.00e-02,
4192,-1.00e-02,
4193,-1.00e-02,
4194,-1.00e-02,
4195,-1.00e-02,
4196,-1.00e-02,
4197,-1.00e-02,
4198,-1.00e-02,
4199,-1.00e-02,
4200,-1.00e-02,
4201,-1.00e-02,
4202,-1.00e-02,
4203,-1.00e-02,
4204,-1.00e-02,
4205,-1.00e-02,
4206,-1.00e-02,
4207,-1.00e-02,
4208,-1.00e-02,
4209,-1.00e-02,
4210,-1.00e-02,
4211,-1.00e-02,
4212,-1.00e-02,
4213,-1.00e-02,
4214,-1.00e-02,
4215,-1.00e-02,
4216,-1.00e-02,
4217,-1.00e-02,
4218,-1.00e-02,
4219,-1.00e-02,
4220,-1.00e-02,
4221,-1.00e-02,
4222,-1.00e-02,
4223,-1.00e-02,
4224,-1.00e-02,
4225,-1.00e-02,
4226,-1.00e-02,
4227,-1.00e-02,
4228,-1.00e-02,
4229,-1.00e-02,
4230,-1.00e-02,
4231,-1.00e-02,
4232,-1.00e-02,
4233,-1.00e-02,
4234,-1.00e-02,
4235,-1.00e-02,
4236,-1.00e-02,
4237,-1.00e-02,
4238,-1.00e-02,
4239,-1.00e-02,
4240,-1.00e-02,
4241,-1.00e-02,
4242,-1.00e-02,
4243,-1.00e-02,
4244,-1.00e-02,
4245,-1.00e-02,
4246,-1.00e-02,
4247,-1.00e-02,
4248,-1.00e-02,
4249,-1.00e-02,
4250,-1.00e-02,
4251,-1.00e-02,
4252,-1.00e-02,
4253,-1.00e-02,
4254,-1.00e-02,
4255,-1.00e-02,
4256,-1.00e-02,
4257,-1.00e-02,
4258,-1.00e-02,
4259,-1.00e-02,
4260,-1.00e-02,
4261,-1.00e-02,
4262,-1.00e-02,
4263,-1.00e-02,
4264,-1.00e-02,
4265,-1.00e-02,
4266,-1.00e-02,
4267,-1.00e-02,
4268,-1.00e-02,
4269,-1.00e-02,
4270,-1.00e-02,
4271,-1.00e-02,
4272,-1.00e-02,
4273,-1.00e-02,
4274,-1.00e-02,
4275,-1.00e-02,
4276,-1.00e-02,
4277,-1.00e-02,
4278,-1.00e-02,
4279,-1.00e-02,
4280,-1.00e-02,
4281,-1.00e-02,
4282,-1.00e-02,
4283,-1.00e-02,
4284,-1.00e-02,
4285,-1.00e-02,
4286,-1.00e-02,
4287,-1.00e-02,
4288,-1.00e-02,
4289,-1.00e-02,
4290,-1.00e-02,
4291,-1.00e-02,
4292,-1.00e-02,
4293,-1.00e-02,
4294,-1.00e-02,
4295,-1.00e-02,
4296,-1.00e-02,
4297,-1.00e-02,
4298,-1.00e-02,
4299,-1.00e-02,
4300,-1.00e-02,
4301,-1.00e-02,
4302,-1.00e-02,
4303,-1.00e-02,
4304,-1.00e-02,
4305,-1.00e-02,
4306,-1.00e-02,
4307,-1.00e-02,
4308,-1.00e-02,
4309,-1.00e-02,
4310,-1.00e-02,
4311,-1.00e-02,
4312,-1.00e-02,
4313,-1.00e-02,
4314,-1.00e-02,
4315,-1.00e-02,
4316,-1.00e-02,
4317,-1.00e-02,
4318,-1.00e-02,
4319,-1.00e-02,
4320,-1.00e-02,
4321,-1.00e-02,
4322,-1.00e-02,
4323,-1.00e-02,
4324,-1.00e-02,
4325,-1.00e-02,
4326,-1.00e-02,
4327,-1.00e-02,
4328,-1.00e-02,
4329,-1.00e-02,
4330,-1.00e-02,
4331,-1.00e-02,
4332,-1.00e-02,
4333,-1.00e-02,
4334,-1.00e-02,
4335,-1.00e-02,
4336,-1.00e-02,
4337,-1.00e-02,
4338,-1.00e-02,
4339,-1.00e-02,
4340,-3.00e-02,
4341,-1.00e-02,
4342,-1.00e-02,
4343,-1.00e-02,
4344,-1.00e-02,
4345,-1.00e-02,
4346,-1.00e-02,
4347,-1.00e-02,
4348,-1.00e-02,
4349,-1.00e-02,
4350,-1.00e-02,
4351,-1.00e-02,
4352,-1.00e-02,
4353,-1.00e-02,
4354,-1.00e-02,
4355,-1.00e-02,
4356,-1.00e-02,
4357,-1.00e-02,
4358,-1.00e-02,
4359,-1.00e-02,
4360,-1.00e-02,
4361,-1.00e-02,
4362,-1.00e-02,
4363,-1.00e-02,
4364,-1.00e-02,
4365,-1.00e-02,
4366,-1.00e-02,
4367,-1.00e-02,
4368,-1.00e-02,
4369,-1.00e-02,
4370,-1.00e-02,
4371,-1.00e-02,
4372,-1.00e-02,
4373,-1.00e-02,
4374,-1.00e-02,
4375,-1.00e-02,
4376,-1.00e-02,
4377,-1.00e-02,
4378,-3.00e-02,
4379,-1.00e-02,
4380,-1.00e-02,
4381,-3.00e-02,
4382,-1.00e-02,
4383,-1.00e-02,
4384,-1.00e-02,
4385,-1.00e-02,
4386,-1.00e-02,
4387,-1.00e-02,
4388,-1.00e-02,
4389,-1.00e-02,
4390,-1.00e-02,
4391,-1.00e-02,
4392,-1.00e-02,
4393,-1.00e-02,
4394,-1.00e-02,
4395,-1.00e-02,
4396,-1.00e-02,
4397,-1.00e-02,
4398,-1.00e-02,
4399,-1.00e-02,
4400,-1.00e-02,
4401,-1.00e-02,
4402,-1.00e-02,
4403,-1.00e-02,
4404,-3.00e-02,
4405,-1.00e-02,
4406,-1.00e-02,
4407,-1.00e-02,
4408,-1.00e-02,
4409,-1.00e-02,
4410,-1.00e-02,
4411,-1.00e-02,
4412,-1.00e-02,
4413,-1.00e-02,
4414,-3.00e-02,
4415,-1.00e-02,
4416,-3.00e-02,
4417,-1.00e-02,
4418,-1.00e-02,
4419,-1.00e-02,
4420,-3.00e-02,
4421,-1.00e-02,
4422,-1.00e-02,
4423,-1.00e-02,
4424,-3.00e-02,
4425,-1.00e-02,
4426,-1.00e-02,
4427,-1.00e-02,
4428,-1.00e-02,
4429,-1.00e-02,
4430,-1.00e-02,
4431,-1.00e-02,
4432,-3.00e-02,
4433,-1.00e-02,
4434,-1.00e-02,
4435,-1.00e-02,
4436,-1.00e-02,
4437,-1.00e-02,
4438,-1.00e-02,
4439,-1.00e-02,
4440,-1.00e-02,
4441,-1.00e-02,
4442,-1.00e-02,
4443,-1.00e-02,
4444,-1.00e-02,
4445,-1.00e-02,
4446,-1.00e-02,
4447,-1.00e-02,
4448,-3.00e-02,
4449,-1.00e-02,
4450,-1.00e-02,
4451,-1.00e-02,
4452,-1.00e-02,
4453,-1.00e-02,
4454,-1.00e-02,
4455,-1.00e-02,
4456,-3.00e-02,
4457,-1.00e-02,
4458,-1.00e-02,
4459,-1.00e-02,
4460,-1.00e-02,
4461,-1.00e-02,
4462,-3.00e-02,
4463,-1.00e-02,
4464,-3.00e-02,
4465,-3.00e-02,
4466,-1.00e-02,
4467,-1.00e-02,
4468,-1.00e-02,
4469,-1.00e-02,
4470,-3.00e-02,
4471,-1.00e-02,
4472,-3.00e-02,
4473,-1.00e-02,
4474,-1.00e-02,
4475,-1.00e-02,
4476,-3.00e-02,
4477,-1.00e-02,
4478,-3.00e-02,
4479,-1.00e-02,
4480,-1.00e-02,
4481,-1.00e-02,
4482,-1.00e-02,
4483,-1.00e-02,
4484,-3.00e-02,
4485,-1.00e-02,
4486,-3.00e-02,
4487,-1.00e-02,
4488,-3.00e-02,
4489,-1.00e-02,
4490,-3.00e-02,
4491,-1.00e-02,
4492,-3.00e-02,
4493,-1.00e-02,
4494,-1.00e-02,
4495,-1.00e-02,
4496,-3.00e-02,
4497,-1.00e-02,
4498,-1.00e-02,
4499,-1.00e-02,
4500,-1.00e-02,
4501,-1.00e-02,
4502,-3.00e-02,
4503,-1.00e-02,
4504,-3.00e-02,
4505,-3.00e-02,
4506,-3.00e-02,
4507,-1.00e-02,
4508,-3.00e-02,
4509,-3.00e-02,
4510,-1.00e-02,
4511,-1.00e-02,
4512,-3.00e-02,
4513,-1.00e-02,
4514,-3.00e-02,
4515,-1.00e-02,
4516,-3.00e-02,
4517,-1.00e-02,
4518,-3.00e-02,
4519,-1.00e-02,
4520,-3.00e-02,
4521,-1.00e-02,
4522,-1.00e-02,
4523,-1.00e-02,
4524,-3.00e-02,
4525,-1.00e-02,
4526,-3.00e-02,
4527,-1.00e-02,
4528,-3.00e-02,
4529,-1.00e-02,
4530,-3.00e-02,
4531,-1.00e-02,
4532,-3.00e-02,
4533,-1.00e-02,
4534,-3.00e-02,
4535,-1.00e-02,
4536,-3.00e-02,
4537,-1.00e-02,
4538,-3.00e-02,
4539,-1.00e-02,
4540,-3.00e-02,
4541,-1.00e-02,
4542,-1.00e-02,
4543,-1.00e-02,
4544,-1.00e-02,
4545,-1.00e-02,
4546,-3.00e-02,
4547,-1.00e-02,
4548,-3.00e-02,
4549,-1.00e-02,
4550,-1.00e-02,
4551,-1.00e-02,
4552,-3.00e-02,
4553,-1.00e-02,
4554,-3.00e-02,
4555,-1.00e-02,
4556,-3.00e-02,
4557,-1.00e-02,
4558,-1.00e-02,
4559,-1.00e-02,
4560,-3.00e-02,
4561,-1.00e-02,
4562,-3.00e-02,
4563,-1.00e-02,
4564,-3.00e-02,
4565,-3.00e-02,
4566,-3.00e-02,
4567,-1.00e-02,
4568,-1.00e-02,
4569,-1.00e-02,
4570,-3.00e-02,
4571,-1.00e-02,
4572,-3.00e-02,
4573,-1.00e-02,
4574,-3.00e-02,
4575,-1.00e-02,
4576,-3.00e-02,
4577,-1.00e-02,
4578,-3.00e-02,
4579,-1.00e-02,
4580,-3.00e-02,
4581,-1.00e-02,
4582,-3.00e-02,
4583,-1.00e-02,
4584,-3.00e-02,
4585,-1.00e-02,
4586,-3.00e-02,
4587,-1.00e-02,
4588,-3.00e-02,
4589,-3.00e-02,
4590,-3.00e-02,
4591,-1.00e-02,
4592,-3.00e-02,
4593,-1.00e-02,
4594,-3.00e-02,
4595,-1.00e-02,
4596,-3.00e-02,
4597,-1.00e-02,
4598,-1.00e-02,
4599,-1.00e-02,
4600,-1.00e-02,
4601,-1.00e-02,
4602,-3.00e-02,
4603,-1.00e-02,
4604,-3.00e-02,
4605,-1.00e-02,
4606,-1.00e-02,
4607,-3.00e-02,
4608,-3.00e-02,
4609,-1.00e-02,
4610,-3.00e-02,
4611,-3.00e-02,
4612,-3.00e-02,
4613,-3.00e-02,
4614,-3.00e-02,
4615,-1.00e-02,
4616,-3.00e-02,
4617,-1.00e-02,
4618,-3.00e-02,
4619,-1.00e-02,
4620,-3.00e-02,
4621,-1.00e-02,
4622,-3.00e-02,
4623,-1.00e-02,
4624,-3.00e-02,
4625,-1.00e-02,
4626,-3.00e-02,
4627,-1.00e-02,
4628,-3.00e-02,
4629,-1.00e-02,
4630,-1.00e-02,
4631,-1.00e-02,
4632,-3.00e-02,
4633,-3.00e-02,
4634,-3.00e-02,
4635,-1.00e-02,
4636,-3.00e-02,
4637,-1.00e-02,
4638,-3.00e-02,
4639,-1.00e-02,
4640,-3.00e-02,
4641,-3.00e-02,
4642,-3.00e-02,
4643,-1.00e-02,
4644,-3.00e-02,
4645,-1.00e-02,
4646,-3.00e-02,
4647,-1.00e-02,
4648,-3.00e-02,
4649,-3.00e-02,
4650,-3.00e-02,
4651,-1.00e-02,
4652,-3.00e-02,
4653,-1.00e-02,
4654,-3.00e-02,
4655,-1.00e-02,
4656,-3.00e-02,
4657,-1.00e-02,
4658,-3.00e-02,
4659,-1.00e-02,
4660,-3.00e-02,
4661,-1.00e-02,
4662,-3.00e-02,
4663,-1.00e-02,
4664,-3.00e-02,
4665,-3.00e-02,
4666,-3.00e-02,
4667,-1.00e-02,
4668,-3.00e-02,
4669,-1.00e-02,
4670,-3.00e-02,
4671,-3.00e-02,
4672,-3.00e-02,
4673,-1.00e-02,
4674,-3.00e-02,
4675,-1.00e-02,
4676,-3.00e-02,
4677,-1.00e-02,
4678,-3.00e-02,
4679,-1.00e-02,
4680,-3.00e-02,
4681,-1.00e-02,
4682,-3.00e-02,
4683,-3.00e-02,
4684,-3.00e-02,
4685,-1.00e-02,
4686,-3.00e-02,
4687,-3.00e-02,
4688,-3.00e-02,
4689,-3.00e-02,
4690,-3.00e-02,
4691,-1.00e-02,
4692,-3.00e-02,
4693,-1.00e-02,
4694,-3.00e-02,
4695,-3.00e-02,
4696,-3.00e-02,
4697,-3.00e-02,
4698,-3.00e-02,
4699,-3.00e-02,
4700,-3.00e-02,
4701,-3.00e-02,
4702,-3.00e-02,
4703,-1.00e-02,
4704,-3.00e-02,
4705,-3.00e-02,
4706,-3.00e-02,
4707,-3.00e-02,
4708,-3.00e-02,
4709,-1.00e-02,
4710,-3.00e-02,
4711,-1.00e-02,
4712,-3.00e-02,
4713,-3.00e-02,
4714,-3.00e-02,
4715,-1.00e-02,
4716,-3.00e-02,
4717,-3.00e-02,
4718,-3.00e-02,
4719,-1.00e-02,
4720,-3.00e-02,
4721,-3.00e-02,
4722,-3.00e-02,
4723,-1.00e-02,
4724,-3.00e-02,
4725,-1.00e-02,
4726,-3.00e-02,
4727,-3.00e-02,
4728,-3.00e-02,
4729,-3.00e-02,
4730,-3.00e-02,
4731,-1.00e-02,
4732,-3.00e-02,
4733,-3.00e-02,
4734,-3.00e-02,
4735,-3.00e-02,
4736,-3.00e-02,
4737,-3.00e-02,
4738,-3.00e-02,
4739,-3.00e-02,
4740,-3.00e-02,
4741,-3.00e-02,
4742,-3.00e-02,
4743,-1.00e-02,
4744,-3.00e-02,
4745,-3.00e-02,
4746,-1.00e-02,
4747,-1.00e-02,
4748,-3.00e-02,
4749,-3.00e-02,
4750,-3.00e-02,
4751,-1.00e-02,
4752,-3.00e-02,
4753,-3.00e-02,
4754,-3.00e-02,
4755,-1.00e-02,
4756,-3.00e-02,
4757,-3.00e-02,
4758,-3.00e-02,
4759,-3.00e-02,
4760,-3.00e-02,
4761,-3.00e-02,
4762,-3.00e-02,
4763,-3.00e-02,
4764,-3.00e-02,
4765,-1.00e-02,
4766,-3.00e-02,
4767,-3.00e-02,
4768,-3.00e-02,
4769,-1.00e-02,
4770,-3.00e-02,
4771,-1.00e-02,
4772,-3.00e-02,
4773,-3.00e-02,
4774,-3.00e-02,
4775,-3.00e-02,
4776,-3.00e-02,
4777,-3.00e-02,
4778,-3.00e-02,
4779,-1.00e-02,
4780,-3.00e-02,
4781,-3.00e-02,
4782,-3.00e-02,
4783,-1.00e-02,
4784,-3.00e-02,
4785,-3.00e-02,
4786,-3.00e-02,
4787,-3.00e-02,
4788,-3.00e-02,
4789,-3.00e-02,
4790,-3.00e-02,
4791,-3.00e-02,
4792,-3.00e-02,
4793,-3.00e-02,
4794,-3.00e-02,
4795,-3.00e-02,
4796,-3.00e-02,
4797,-3.00e-02,
4798,-3.00e-02,
4799,-3.00e-02,
4800,-3.00e-02,
4801,-1.00e-02,
4802,-3.00e-02,
4803,-3.00e-02,
4804,-3.00e-02,
4805,-3.00e-02,
4806,-3.00e-02,
4807,-3.00e-02,
4808,-3.00e-02,
4809,-3.00e-02,
4810,-3.00e-02,
4811,-3.00e-02,
4812,-3.00e-02,
4813,-3.00e-02,
4814,-3.00e-02,
4815,-1.00e-02,
4816,-3.00e-02,
4817,-3.00e-02,
4818,-3.00e-02,
4819,-3.00e-02,
4820,-3.00e-02,
4821,-3.00e-02,
4822,-3.00e-02,
4823,-3.00e-02,
4824,-3.00e-02,
4825,-3.00e-02,
4826,-3.00e-02,
4827,-3.00e-02,
4828,-3.00e-02,
4829,-3.00e-02,
4830,-3.00e-02,
4831,-3.00e-02,
4832,-3.00e-02,
4833,-3.00e-02,
4834,-3.00e-02,
4835,-3.00e-02,
4836,-3.00e-02,
4837,-3.00e-02,
4838,-3.00e-02,
4839,-1.00e-02,
4840,-3.00e-02,
4841,-3.00e-02,
4842,-3.00e-02,
4843,-3.00e-02,
4844,-3.00e-02,
4845,-3.00e-02,
4846,-3.00e-02,
4847,-3.00e-02,
4848,-3.00e-02,
4849,-3.00e-02,
4850,-3.00e-02,
4851,-1.00e-02,
4852,-3.00e-02,
4853,-3.00e-02,
4854,-3.00e-02,
4855,-3.00e-02,
4856,-3.00e-02,
4857,-3.00e-02,
4858,-3.00e-02,
4859,-3.00e-02,
4860,-3.00e-02,
4861,-3.00e-02,
4862,-3.00e-02,
4863,-3.00e-02,
4864,-3.00e-02,
4865,-3.00e-02,
4866,-3.00e-02,
4867,-3.00e-02,
4868,-3.00e-02,
4869,-3.00e-02,
4870,-3.00e-02,
4871,-3.00e-02,
4872,-3.00e-02,
4873,-3.00e-02,
4874,-3.00e-02,
4875,-3.00e-02,
4876,-3.00e-02,
4877,-3.00e-02,
4878,-3.00e-02,
4879,-3.00e-02,
4880,-3.00e-02,
4881,-3.00e-02,
4882,-3.00e-02,
4883,-3.00e-02,
4884,-3.00e-02,
4885,-3.00e-02,
4886,-3.00e-02,
4887,-3.00e-02,
4888,-3.00e-02,
4889,-3.00e-02,
4890,-3.00e-02,
4891,-3.00e-02,
4892,-3.00e-02,
4893,-3.00e-02,
4894,-3.00e-02,
4895,-3.00e-02,
4896,-3.00e-02,
4897,-3.00e-02,
4898,-3.00e-02,
4899,-3.00e-02,
4900,-3.00e-02,
4901,-3.00e-02,
4902,-3.00e-02,
4903,-3.00e-02,
4904,-3.00e-02,
4905,-3.00e-02,
4906,-3.00e-02,
4907,-3.00e-02,
4908,-3.00e-02,
4909,-3.00e-02,
4910,-3.00e-02,
4911,-3.00e-02,
4912,-3.00e-02,
4913,-3.00e-02,
4914,-3.00e-02,
4915,-3.00e-02,
4916,-3.00e-02,
4917,-3.00e-02,
4918,-3.00e-02,
4919,-3.00e-02,
4920,-3.00e-02,
4921,-3.00e-02,
4922,-3.00e-02,
4923,-3.00e-02,
4924,-3.00e-02,
4925,-3.00e-02,
4926,-3.00e-02,
4927,-3.00e-02,
4928,-3.00e-02,
4929,-3.00e-02,
4930,-3.00e-02,
4931,-3.00e-02,
4932,-3.00e-02,
4933,-3.00e-02,
4934,-3.00e-02,
4935,-3.00e-02,
4936,-3.00e-02,
4937,-3.00e-02,
4938,-3.00e-02,
4939,-3.00e-02,
4940,-3.00e-02,
4941,-3.00e-02,
4942,-3.00e-02,
4943,-3.00e-02,
4944,-3.00e-02,
4945,-3.00e-02,
4946,-3.00e-02,
4947,-3.00e-02,
4948,-3.00e-02,
4949,-3.00e-02,
4950,-3.00e-02,
4951,-3.00e-02,
4952,-3.00e-02,
4953,-3.00e-02,
4954,-3.00e-02,
4955,-3.00e-02,
4956,-3.00e-02,
4957,-3.00e-02,
4958,-3.00e-02,
4959,-3.00e-02,
4960,-3.00e-02,
4961,-3.00e-02,
4962,-3.00e-02,
4963,-3.00e-02,
4964,-3.00e-02,
4965,-3.00e-02,
4966,-3.00e-02,
4967,-3.00e-02,
4968,-3.00e-02,
4969,-3.00e-02,
4970,-3.00e-02,
4971,-3.00e-02,
4972,-3.00e-02,
4973,-3.00e-02,
4974,-3.00e-02,
4975,-3.00e-02,
4976,-3.00e-02,
4977,-3.00e-02,
4978,-3.00e-02,
4979,-3.00e-02,
4980,-3.00e-02,
4981,-3.00e-02,
4982,-3.00e-02,
4983,-3.00e-02,
4984,-3.00e-02,
4985,-3.00e-02,
4986,-3.00e-02,
4987,-3.00e-02,
4988,-3.00e-02,
4989,-3.00e-02,
4990,-3.00e-02,
4991,-3.00e-02,
4992,-3.00e-02,
4993,-3.00e-02,
4994,-3.00e-02,
4995,-3.00e-02,
4996,-3.00e-02,
4997,-3.00e-02,
4998,-3.00e-02,
4999,-3.00e-02,
5000,-3.00e-02,
5001,-3.00e-02,
5002,-3.00e-02,
5003,-3.00e-02,
5004,-3.00e-02,
5005,-3.00e-02,
5006,-3.00e-02,
5007,-3.00e-02,
5008,-3.00e-02,
5009,-3.00e-02,
5010,-3.00e-02,
5011,-3.00e-02,
5012,-3.00e-02,
5013,-3.00e-02,
5014,-3.00e-02,
5015,-3.00e-02,
5016,-3.00e-02,
5017,-3.00e-02,
5018,-3.00e-02,
5019,-3.00e-02,
5020,-3.00e-02,
5021,-3.00e-02,
5022,-3.00e-02,
5023,-3.00e-02,
5024,-3.00e-02,
5025,-3.00e-02,
5026,-3.00e-02,
5027,-3.00e-02,
5028,-3.00e-02,
5029,-3.00e-02,
5030,-3.00e-02,
5031,-3.00e-02,
5032,-3.00e-02,
5033,-3.00e-02,
5034,-3.00e-02,
5035,-3.00e-02,
5036,-3.00e-02,
5037,-3.00e-02,
5038,-3.00e-02,
5039,-3.00e-02,
5040,-3.00e-02,
5041,-3.00e-02,
5042,-3.00e-02,
5043,-3.00e-02,
5044,-3.00e-02,
5045,-3.00e-02,
5046,-3.00e-02,
5047,-3.00e-02,
5048,-3.00e-02,
5049,-3.00e-02,
5050,-3.00e-02,
5051,-3.00e-02,
5052,-3.00e-02,
5053,-3.00e-02,
5054,-3.00e-02,
5055,-3.00e-02,
5056,-3.00e-02,
5057,-3.00e-02,
5058,-3.00e-02,
5059,-3.00e-02,
5060,-3.00e-02,
5061,-3.00e-02,
5062,-3.00e-02,
5063,-3.00e-02,
5064,-3.00e-02,
5065,-3.00e-02,
5066,-3.00e-02,
5067,-3.00e-02,
5068,-3.00e-02,
5069,-3.00e-02,
5070,-3.00e-02,
5071,-3.00e-02,
5072,-3.00e-02,
5073,-3.00e-02,
5074,-3.00e-02,
5075,-3.00e-02,
5076,-3.00e-02,
5077,-3.00e-02,
5078,-3.00e-02,
5079,-3.00e-02,
5080,-3.00e-02,
5081,-3.00e-02,
5082,-3.00e-02,
5083,-3.00e-02,
5084,-3.00e-02,
5085,-3.00e-02,
5086,-3.00e-02,
5087,-3.00e-02,
5088,-3.00e-02,
5089,-3.00e-02,
5090,-3.00e-02,
5091,-3.00e-02,
5092,-3.00e-02,
5093,-3.00e-02,
5094,-3.00e-02,
5095,-3.00e-02,
5096,-3.00e-02,
5097,-3.00e-02,
5098,-3.00e-02,
5099,-3.00e-02,
5100,-3.00e-02,
5101,-3.00e-02,
5102,-3.00e-02,
5103,-3.00e-02,
5104,-3.00e-02,
5105,-3.00e-02,
5106,-3.00e-02,
5107,-3.00e-02,
5108,-3.00e-02,
5109,-3.00e-02,
5110,-3.00e-02,
5111,-3.00e-02,
5112,-3.00e-02,
5113,-3.00e-02,
5114,-3.00e-02,
5115,-3.00e-02,
5116,-3.00e-02,
5117,-3.00e-02,
5118,-3.00e-02,
5119,-3.00e-02,
5120,-3.00e-02,
5121,-3.00e-02,
5122,-3.00e-02,
5123,-3.00e-02,
5124,-3.00e-02,
5125,-3.00e-02,
5126,-3.00e-02,
5127,-3.00e-02,
5128,-3.00e-02,
5129,-3.00e-02,
5130,-3.00e-02,
5131,-3.00e-02,
5132,-3.00e-02,
5133,-3.00e-02,
5134,-3.00e-02,
5135,-3.00e-02,
5136,-3.00e-02,
5137,-3.00e-02,
5138,-3.00e-02,
5139,-3.00e-02,
5140,-3.00e-02,
5141,-3.00e-02,
5142,-3.00e-02,
5143,-3.00e-02,
5144,-3.00e-02,
5145,-3.00e-02,
5146,-3.00e-02,
5147,-3.00e-02,
5148,-3.00e-02,
5149,-3.00e-02,
5150,-3.00e-02,
5151,-3.00e-02,
5152,-3.00e-02,
5153,-3.00e-02,
5154,-3.00e-02,
5155,-3.00e-02,
5156,-3.00e-02,
5157,-3.00e-02,
5158,-3.00e-02,
5159,-3.00e-02,
5160,-3.00e-02,
5161,-3.00e-02,
5162,-3.00e-02,
5163,-3.00e-02,
5164,-3.00e-02,
5165,-3.00e-02,
5166,-3.00e-02,
5167,-3.00e-02,
5168,-3.00e-02,
5169,-3.00e-02,
5170,-3.00e-02,
5171,-3.00e-02,
5172,-3.00e-02,
5173,-3.00e-02,
5174,-3.00e-02,
5175,-3.00e-02,
5176,-3.00e-02,
5177,-3.00e-02,
5178,-3.00e-02,
5179,-3.00e-02,
5180,-3.00e-02,
5181,-3.00e-02,
5182,-3.00e-02,
5183,-3.00e-02,
5184,-3.00e-02,
5185,-3.00e-02,
5186,-3.00e-02,
5187,-3.00e-02,
5188,-3.00e-02,
5189,-3.00e-02,
5190,-3.00e-02,
5191,-3.00e-02,
5192,-3.00e-02,
5193,-3.00e-02,
5194,-3.00e-02,
5195,-3.00e-02,
5196,-3.00e-02,
5197,-3.00e-02,
5198,-3.00e-02,
5199,-3.00e-02,
5200,-3.00e-02,
5201,-3.00e-02,
5202,-3.00e-02,
5203,-3.00e-02,
5204,-3.00e-02,
5205,-3.00e-02,
5206,-3.00e-02,
5207,-3.00e-02,
5208,-3.00e-02,
5209,-3.00e-02,
5210,-3.00e-02,
5211,-3.00e-02,
5212,-3.00e-02,
5213,-3.00e-02,
5214,-3.00e-02,
5215,-3.00e-02,
5216,-3.00e-02,
5217,-3.00e-02,
5218,-3.00e-02,
5219,-3.00e-02,
5220,-3.00e-02,
5221,-3.00e-02,
5222,-3.00e-02,
5223,-3.00e-02,
5224,-3.00e-02,
5225,-3.00e-02,
5226,-3.00e-02,
5227,-3.00e-02,
5228,-3.00e-02,
5229,-3.00e-02,
5230,-3.00e-02,
5231,-3.00e-02,
5232,-3.00e-02,
5233,-3.00e-02,
5234,-3.00e-02,
5235,-3.00e-02,
5236,-3.00e-02,
5237,-3.00e-02,
5238,-3.00e-02,
5239,-3.00e-02,
5240,-3.00e-02,
5241,-3.00e-02,
5242,-3.00e-02,
5243,-3.00e-02,
5244,-3.00e-02,
5245,-3.00e-02,
5246,-3.00e-02,
5247,-3.00e-02,
5248,-3.00e-02,
5249,-3.00e-02,
5250,-3.00e-02,
5251,-3.00e-02,
5252,-3.00e-02,
5253,-3.00e-02,
5254,-3.00e-02,
5255,-3.00e-02,
5256,-3.00e-02,
5257,-3.00e-02,
5258,-3.00e-02,
5259,-3.00e-02,
5260,-3.00e-02,
5261,-3.00e-02,
5262,-3.00e-02,
5263,-3.00e-02,
5264,-3.00e-02,
5265,-3.00e-02,
5266,-3.00e-02,
5267,-3.00e-02,
5268,-3.00e-02,
5269,-3.00e-02,
5270,-3.00e-02,
5271,-3.00e-02,
5272,-3.00e-02,
5273,-3.00e-02,
5274,-3.00e-02,
5275,-3.00e-02,
5276,-3.00e-02,
5277,-3.00e-02,
5278,-3.00e-02,
5279,-3.00e-02,
5280,-3.00e-02,
5281,-3.00e-02,
5282,-3.00e-02,
5283,-3.00e-02,
5284,-3.00e-02,
5285,-3.00e-02,
5286,-3.00e-02,
5287,-3.00e-02,
5288,-3.00e-02,
5289,-3.00e-02,
5290,-3.00e-02,
5291,-3.00e-02,
5292,-3.00e-02,
5293,-3.00e-02,
5294,-3.00e-02,
5295,-3.00e-02,
5296,-3.00e-02,
5297,-3.00e-02,
5298,-3.00e-02,
5299,-3.00e-02,
5300,-3.00e-02,
5301,-3.00e-02,
5302,-3.00e-02,
5303,-3.00e-02,
5304,-3.00e-02,
5305,-3.00e-02,
5306,-3.00e-02,
5307,-3.00e-02,
5308,-3.00e-02,
5309,-3.00e-02,
5310,-3.00e-02,
5311,-3.00e-02,
5312,-3.00e-02,
5313,-3.00e-02,
5314,-3.00e-02,
5315,-3.00e-02,
5316,-3.00e-02,
5317,-3.00e-02,
5318,-3.00e-02,
5319,-3.00e-02,
5320,-3.00e-02,
5321,-3.00e-02,
5322,-3.00e-02,
5323,-3.00e-02,
5324,-3.00e-02,
5325,-3.00e-02,
5326,-3.00e-02,
5327,-3.00e-02,
5328,-3.00e-02,
5329,-3.00e-02,
5330,-3.00e-02,
5331,-3.00e-02,
5332,-3.00e-02,
5333,-3.00e-02,
5334,-3.00e-02,
5335,-3.00e-02,
5336,-3.00e-02,
5337,-3.00e-02,
5338,-3.00e-02,
5339,-3.00e-02,
5340,-3.00e-02,
5341,-3.00e-02,
5342,-3.00e-02,
5343,-3.00e-02,
5344,-3.00e-02,
5345,-3.00e-02,
5346,-3.00e-02,
5347,-3.00e-02,
5348,-3.00e-02,
5349,-3.00e-02,
5350,-3.00e-02,
5351,-3.00e-02,
5352,-3.00e-02,
5353,-3.00e-02,
5354,-3.00e-02,
5355,-3.00e-02,
5356,-3.00e-02,
5357,-3.00e-02,
5358,-3.00e-02,
5359,-3.00e-02,
5360,-3.00e-02,
5361,-3.00e-02,
5362,-3.00e-02,
5363,-3.00e-02,
5364,-3.00e-02,
5365,-3.00e-02,
5366,-3.00e-02,
5367,-3.00e-02,
5368,-3.00e-02,
5369,-3.00e-02,
5370,-3.00e-02,
5371,-3.00e-02,
5372,-3.00e-02,
5373,-3.00e-02,
5374,-3.00e-02,
5375,-3.00e-02,
5376,-3.00e-02,
5377,-3.00e-02,
5378,-3.00e-02,
5379,-3.00e-02,
5380,-3.00e-02,
5381,-3.00e-02,
5382,-3.00e-02,
5383,-3.00e-02,
5384,-3.00e-02,
5385,-3.00e-02,
5386,-3.00e-02,
5387,-3.00e-02,
5388,-3.00e-02,
5389,-3.00e-02,
5390,-3.00e-02,
5391,-3.00e-02,
5392,-3.00e-02,
5393,-3.00e-02,
5394,-3.00e-02,
5395,-3.00e-02,
5396,-3.00e-02,
5397,-3.00e-02,
5398,-3.00e-02,
5399,-3.00e-02,
5400,-3.00e-02,
5401,-3.00e-02,
5402,-3.00e-02,
5403,-3.00e-02,
5404,-3.00e-02,
5405,-3.00e-02,
5406,-3.00e-02,
5407,-3.00e-02,
5408,-3.00e-02,
5409,-3.00e-02,
5410,-3.00e-02,
5411,-3.00e-02,
5412,-3.00e-02,
5413,-3.00e-02,
5414,-3.00e-02,
5415,-3.00e-02,
5416,-3.00e-02,
5417,-3.00e-02,
5418,-3.00e-02,
5419,-3.00e-02,
5420,-3.00e-02,
5421,-3.00e-02,
5422,-3.00e-02,
5423,-3.00e-02,
5424,-3.00e-02,
5425,-3.00e-02,
5426,-3.00e-02,
5427,-3.00e-02,
5428,-3.00e-02,
5429,-3.00e-02,
5430,-3.00e-02,
5431,-3.00e-02,
5432,-3.00e-02,
5433,-3.00e-02,
5434,-3.00e-02,
5435,-3.00e-02,
5436,-3.00e-02,
5437,-3.00e-02,
5438,-3.00e-02,
5439,-3.00e-02,
5440,-3.00e-02,
5441,-3.00e-02,
5442,-3.00e-02,
5443,-3.00e-02,
5444,-3.00e-02,
5445,-3.00e-02,
5446,-3.00e-02,
5447,-3.00e-02,
5448,-3.00e-02,
5449,-3.00e-02,
5450,-3.00e-02,
5451,-3.00e-02,
5452,-3.00e-02,
5453,-3.00e-02,
5454,-3.00e-02,
5455,-3.00e-02,
5456,-3.00e-02,
5457,-3.00e-02,
5458,-3.00e-02,
5459,-3.00e-02,
5460,-3.00e-02,
5461,-3.00e-02,
5462,-3.00e-02,
5463,-3.00e-02,
5464,-3.00e-02,
5465,-3.00e-02,
5466,-3.00e-02,
5467,-3.00e-02,
5468,-3.00e-02,
5469,-3.00e-02,
5470,-3.00e-02,
5471,-3.00e-02,
5472,-3.00e-02,
5473,-3.00e-02,
5474,-3.00e-02,
5475,-3.00e-02,
5476,-3.00e-02,
5477,-3.00e-02,
5478,-3.00e-02,
5479,-3.00e-02,
5480,-3.00e-02,
5481,-3.00e-02,
5482,-3.00e-02,
5483,-3.00e-02,
5484,-3.00e-02,
5485,-3.00e-02,
5486,-3.00e-02,
5487,-3.00e-02,
5488,-3.00e-02,
5489,-3.00e-02,
5490,-3.00e-02,
5491,-3.00e-02,
5492,-3.00e-02,
5493,-3.00e-02,
5494,-3.00e-02,
5495,-3.00e-02,
5496,-3.00e-02,
5497,-3.00e-02,
5498,-3.00e-02,
5499,-3.00e-02,
5500,-3.00e-02,
5501,-3.00e-02,
5502,-3.00e-02,
5503,-3.00e-02,
5504,-3.00e-02,
5505,-3.00e-02,
5506,-3.00e-02,
5507,-3.00e-02,
5508,-3.00e-02,
5509,-3.00e-02,
5510,-3.00e-02,
5511,-1.00e-02,
5512,-3.00e-02,
5513,-3.00e-02,
5514,-3.00e-02,
5515,-3.00e-02,
5516,-3.00e-02,
5517,-3.00e-02,
5518,-3.00e-02,
5519,-3.00e-02,
5520,-3.00e-02,
5521,-3.00e-02,
5522,-3.00e-02,
5523,-1.00e-02,
5524,-3.00e-02,
5525,-3.00e-02,
5526,-3.00e-02,
5527,-1.00e-02,
5528,-3.00e-02,
5529,-1.00e-02,
5530,-3.00e-02,
5531,-1.00e-02,
5532,-3.00e-02,
5533,-1.00e-02,
5534,-3.00e-02,
5535,-1.00e-02,
5536,-3.00e-02,
5537,-1.00e-02,
5538,-3.00e-02,
5539,-3.00e-02,
5540,-3.00e-02,
5541,-3.00e-02,
5542,-3.00e-02,
5543,-3.00e-02,
5544,-3.00e-02,
5545,-3.00e-02,
5546,-3.00e-02,
5547,-3.00e-02,
5548,-3.00e-02,
5549,-3.00e-02,
5550,-3.00e-02,
5551,-3.00e-02,
5552,-3.00e-02,
5553,-3.00e-02,
5554,-3.00e-02,
5555,-3.00e-02,
5556,-3.00e-02,
5557,-3.00e-02,
5558,-3.00e-02,
5559,-3.00e-02,
5560,-3.00e-02,
5561,-3.00e-02,
5562,-3.00e-02,
5563,-3.00e-02,
5564,-3.00e-02,
5565,-3.00e-02,
5566,-3.00e-02,
5567,-3.00e-02,
5568,-3.00e-02,
5569,-3.00e-02,
5570,-3.00e-02,
5571,-3.00e-02,
5572,-3.00e-02,
5573,-3.00e-02,
5574,-3.00e-02,
5575,-3.00e-02,
5576,-3.00e-02,
5577,-3.00e-02,
5578,-3.00e-02,
5579,-3.00e-02,
5580,-3.00e-02,
5581,-3.00e-02,
5582,-3.00e-02,
5583,-3.00e-02,
5584,-3.00e-02,
5585,-3.00e-02,
5586,-3.00e-02,
5587,-3.00e-02,
5588,-3.00e-02,
5589,-3.00e-02,
5590,-3.00e-02,
5591,-3.00e-02,
5592,-3.00e-02,
5593,-3.00e-02,
5594,-3.00e-02,
5595,-3.00e-02,
5596,-3.00e-02,
5597,-3.00e-02,
5598,-3.00e-02,
5599,-3.00e-02,
5600,-3.00e-02,
5601,-3.00e-02,
5602,-3.00e-02,
5603,-3.00e-02,
5604,-3.00e-02,
5605,-3.00e-02,
5606,-3.00e-02,
5607,-3.00e-02,
5608,-3.00e-02,
5609,-3.00e-02,
5610,-3.00e-02,
5611,-3.00e-02,
5612,-3.00e-02,
5613,-3.00e-02,
5614,-3.00e-02,
5615,-3.00e-02,
5616,-3.00e-02,
5617,-3.00e-02,
5618,-3.00e-02,
5619,-3.00e-02,
5620,-3.00e-02,
5621,-3.00e-02,
5622,-3.00e-02,
5623,-3.00e-02,
5624,-3.00e-02,
5625,-3.00e-02,
5626,-3.00e-02,
5627,-3.00e-02,
5628,-3.00e-02,
5629,-3.00e-02,
5630,-3.00e-02,
5631,-3.00e-02,
5632,-3.00e-02,
5633,-3.00e-02,
5634,-3.00e-02,
5635,-3.00e-02,
5636,-3.00e-02,
5637,-3.00e-02,
5638,-3.00e-02,
5639,-3.00e-02,
5640,-3.00e-02,
5641,-3.00e-02,
5642,-3.00e-02,
5643,-3.00e-02,
5644,-3.00e-02,
5645,-3.00e-02,
5646,-3.00e-02,
5647,-3.00e-02,
5648,-3.00e-02,
5649,-3.00e-02,
5650,-3.00e-02,
5651,-3.00e-02,
5652,-3.00e-02,
5653,-3.00e-02,
5654,-3.00e-02,
5655,-3.00e-02,
5656,-3.00e-02,
5657,-3.00e-02,
5658,-3.00e-02,
5659,-3.00e-02,
5660,-3.00e-02,
5661,-3.00e-02,
5662,-3.00e-02,
5663,-3.00e-02,
5664,-3.00e-02,
5665,-3.00e-02,
5666,-3.00e-02,
5667,-3.00e-02,
5668,-3.00e-02,
5669,-3.00e-02,
5670,-3.00e-02,
5671,-3.00e-02,
5672,-3.00e-02,
5673,-3.00e-02,
5674,-3.00e-02,
5675,-3.00e-02,
5676,-3.00e-02,
5677,-3.00e-02,
5678,-3.00e-02,
5679,-3.00e-02,
5680,-3.00e-02,
5681,-3.00e-02,
5682,-3.00e-02,
5683,-3.00e-02,
5684,-3.00e-02,
5685,-3.00e-02,
5686,-3.00e-02,
5687,-3.00e-02,
5688,-3.00e-02,
5689,-3.00e-02,
5690,-3.00e-02,
5691,-3.00e-02,
5692,-3.00e-02,
5693,-3.00e-02,
5694,-3.00e-02,
5695,-3.00e-02,
5696,-3.00e-02,
5697,-3.00e-02,
5698,-3.00e-02,
5699,-3.00e-02,
5700,-3.00e-02,
5701,-3.00e-02,
5702,-3.00e-02,
5703,-1.00e-02,
5704,-3.00e-02,
5705,-3.00e-02,
5706,-3.00e-02,
5707,-3.00e-02,
5708,-3.00e-02,
5709,-3.00e-02,
5710,-3.00e-02,
5711,-3.00e-02,
5712,-3.00e-02,
5713,-3.00e-02,
5714,-3.00e-02,
5715,-3.00e-02,
5716,-3.00e-02,
5717,-3.00e-02,
5718,-3.00e-02,
5719,-1.00e-02,
5720,-3.00e-02,
5721,-3.00e-02,
5722,-3.00e-02,
5723,-1.00e-02,
5724,-3.00e-02,
5725,-1.00e-02,
5726,-3.00e-02,
5727,-3.00e-02,
5728,-3.00e-02,
5729,-1.00e-02,
5730,-3.00e-02,
5731,-3.00e-02,
5732,-3.00e-02,
5733,-3.00e-02,
5734,-3.00e-02,
5735,-1.00e-02,
5736,-3.00e-02,
5737,-1.00e-02,
5738,-3.00e-02,
5739,-1.00e-02,
5740,-3.00e-02,
5741,-1.00e-02,
5742,-3.00e-02,
5743,-1.00e-02,
5744,-3.00e-02,
5745,-3.00e-02,
5746,-3.00e-02,
5747,-1.00e-02,
5748,-3.00e-02,
5749,-3.00e-02,
5750,-3.00e-02,
5751,-1.00e-02,
5752,-3.00e-02,
5753,-3.00e-02,
5754,-3.00e-02,
5755,-3.00e-02,
5756,-3.00e-02,
5757,-3.00e-02,
5758,-3.00e-02,
5759,-3.00e-02,
5760,-3.00e-02,
5761,-3.00e-02,
5762,-3.00e-02,
5763,-1.00e-02,
5764,-3.00e-02,
5765,-3.00e-02,
5766,-3.00e-02,
5767,-3.00e-02,
5768,-3.00e-02,
5769,-3.00e-02,
5770,-3.00e-02,
5771,-3.00e-02,
5772,-3.00e-02,
5773,-3.00e-02,
5774,-3.00e-02,
5775,-3.00e-02,
5776,-3.00e-02,
5777,-3.00e-02,
5778,-3.00e-02,
5779,-3.00e-02,
5780,-3.00e-02,
5781,-3.00e-02,
5782,-3.00e-02,
5783,-3.00e-02,
5784,-3.00e-02,
5785,-3.00e-02,
5786,-3.00e-02,
5787,-3.00e-02,
5788,-3.00e-02,
5789,-3.00e-02,
5790,-3.00e-02,
5791,-3.00e-02,
5792,-3.00e-02,
5793,-3.00e-02,
5794,-3.00e-02,
5795,-3.00e-02,
5796,-3.00e-02,
5797,-3.00e-02,
5798,-3.00e-02,
5799,-3.00e-02,
5800,-3.00e-02,
5801,-3.00e-02,
5802,-3.00e-02,
5803,-3.00e-02,
5804,-3.00e-02,
5805,-3.00e-02,
5806,-3.00e-02,
5807,-3.00e-02,
5808,-3.00e-02,
5809,-3.00e-02,
5810,-3.00e-02,
5811,-3.00e-02,
5812,-3.00e-02,
5813,-3.00e-02,
5814,-3.00e-02,
5815,-3.00e-02,
5816,-3.00e-02,
5817,-3.00e-02,
5818,-3.00e-02,
5819,-3.00e-02,
5820,-3.00e-02,
5821,-3.00e-02,
5822,-3.00e-02,
5823,-3.00e-02,
5824,-3.00e-02,
5825,-3.00e-02,
5826,-3.00e-02,
5827,-3.00e-02,
5828,-3.00e-02,
5829,-3.00e-02,
5830,-3.00e-02,
5831,-3.00e-02,
5832,-3.00e-02,
5833,-3.00e-02,
5834,-3.00e-02,
5835,-3.00e-02,
5836,-3.00e-02,
5837,-3.00e-02,
5838,-3.00e-02,
5839,-3.00e-02,
5840,-3.00e-02,
5841,-3.00e-02,
5842,-3.00e-02,
5843,-3.00e-02,
5844,-3.00e-02,
5845,-3.00e-02,
5846,-3.00e-02,
5847,-3.00e-02,
5848,-3.00e-02,
5849,-3.00e-02,
5850,-3.00e-02,
5851,-3.00e-02,
5852,-3.00e-02,
5853,-3.00e-02,
5854,-3.00e-02,
5855,-3.00e-02,
5856,-3.00e-02,
5857,-3.00e-02,
5858,-3.00e-02,
5859,-3.00e-02,
5860,-3.00e-02,
5861,-3.00e-02,
5862,-3.00e-02,
5863,-3.00e-02,
5864,-3.00e-02,
5865,-3.00e-02,
5866,-3.00e-02,
5867,-3.00e-02,
5868,-3.00e-02,
5869,-3.00e-02,
5870,-3.00e-02,
5871,-3.00e-02,
5872,-3.00e-02,
5873,-3.00e-02,
5874,-3.00e-02,
5875,-3.00e-02,
5876,-3.00e-02,
5877,-3.00e-02,
5878,-3.00e-02,
5879,-3.00e-02,
5880,-3.00e-02,
5881,-3.00e-02,
5882,-3.00e-02,
5883,-3.00e-02,
5884,-3.00e-02,
5885,-3.00e-02,
5886,-3.00e-02,
5887,-3.00e-02,
5888,-3.00e-02,
5889,-3.00e-02,
5890,-3.00e-02,
5891,-1.00e-02,
5892,-3.00e-02,
5893,-3.00e-02,
5894,-3.00e-02,
5895,-3.00e-02,
5896,-3.00e-02,
5897,-1.00e-02,
5898,-3.00e-02,
5899,-1.00e-02,
5900,-3.00e-02,
5901,-3.00e-02,
5902,-3.00e-02,
5903,-1.00e-02,
5904,-3.00e-02,
5905,-1.00e-02,
5906,-3.00e-02,
5907,-1.00e-02,
5908,-3.00e-02,
5909,-1.00e-02,
5910,-3.00e-02,
5911,-1.00e-02,
5912,-3.00e-02,
5913,-1.00e-02,
5914,-3.00e-02,
5915,-1.00e-02,
5916,-1.00e-02,
5917,-3.00e-02,
5918,-3.00e-02,
5919,-1.00e-02,
5920,-3.00e-02,
5921,-1.00e-02,
5922,-3.00e-02,
5923,-1.00e-02,
5924,-3.00e-02,
5925,-1.00e-02,
5926,-3.00e-02,
5927,-1.00e-02,
5928,-3.00e-02,
5929,-1.00e-02,
5930,-3.00e-02,
5931,-1.00e-02,
5932,-3.00e-02,
5933,-1.00e-02,
5934,-3.00e-02,
5935,-1.00e-02,
5936,-3.00e-02,
5937,-1.00e-02,
5938,-1.00e-02,
5939,-3.00e-02,
5940,-3.00e-02,
5941,-3.00e-02,
5942,-3.00e-02,
5943,-3.00e-02,
5944,-3.00e-02,
5945,-1.00e-02,
5946,-3.00e-02,
5947,-1.00e-02,
5948,-3.00e-02,
5949,-3.00e-02,
5950,-3.00e-02,
5951,-1.00e-02,
5952,-3.00e-02,
5953,-1.00e-02,
5954,-3.00e-02,
5955,-3.00e-02,
5956,-3.00e-02,
5957,-3.00e-02,
5958,-3.00e-02,
5959,-1.00e-02,
5960,-3.00e-02,
5961,-3.00e-02,
5962,-3.00e-02,
5963,-1.00e-02,
5964,-3.00e-02,
5965,-3.00e-02,
5966,-3.00e-02,
5967,-3.00e-02,
5968,-3.00e-02,
5969,-3.00e-02,
5970,-3.00e-02,
5971,-1.00e-02,
5972,-3.00e-02,
5973,-1.00e-02,
5974,-3.00e-02,
5975,-1.00e-02,
5976,-3.00e-02,
5977,-1.00e-02,
5978,-3.00e-02,
5979,-3.00e-02,
5980,-3.00e-02,
5981,-3.00e-02,
5982,-3.00e-02,
5983,-3.00e-02,
5984,-3.00e-02,
5985,-3.00e-02,
5986,-3.00e-02,
5987,-3.00e-02,
5988,-3.00e-02,
5989,-3.00e-02,
5990,-3.00e-02,
5991,-3.00e-02,
5992,-3.00e-02,
5993,-3.00e-02,
5994,-3.00e-02,
5995,-3.00e-02,
5996,-3.00e-02,
5997,-3.00e-02,
5998,-3.00e-02,
5999,-3.00e-02,
